-- phpMyAdmin SQL Dump
-- version 4.6.6
-- https://www.phpmyadmin.net/
--
-- Servidor: localhost:3306
-- Tiempo de generación: 28-06-2017 a las 15:45:23
-- Versión del servidor: 5.1.73
-- Versión de PHP: 5.6.14

SET SQL_MODE = "NO_AUTO_VALUE_ON_ZERO";
SET time_zone = "+00:00";


/*!40101 SET @OLD_CHARACTER_SET_CLIENT=@@CHARACTER_SET_CLIENT */;
/*!40101 SET @OLD_CHARACTER_SET_RESULTS=@@CHARACTER_SET_RESULTS */;
/*!40101 SET @OLD_COLLATION_CONNECTION=@@COLLATION_CONNECTION */;
/*!40101 SET NAMES utf8 */;

--
-- Base de datos: `syscseiio_db`
--

-- --------------------------------------------------------

--
-- Estructura de tabla para la tabla `bic`
--

CREATE TABLE `bic` (
  `clave_bic` varchar(12) NOT NULL,
  `nombre_bic` varchar(80) NOT NULL
) ENGINE=InnoDB DEFAULT CHARSET=latin1 COMMENT='Contiene las claves y nombres de los BIC ';

--
-- Volcado de datos para la tabla `bic`
--

INSERT INTO `bic` (`clave_bic`, `nombre_bic`) VALUES
('20EBD0001C', 'GUELATAO DE JUAREZ'),
('20EBD0002B', 'SANTA MARIA ALOTEPEC'),
('20EBD0003A', 'ELOXOCHITLAN DE FLORES MAGON'),
('20EBD0004Z', 'SANTA MARIA CHIMALAPA '),
('20EBD0005Z', 'SANTIAGO CHOAPAM'),
('20EBD0006Y', 'SANTIAGO LACHIRIOAG'),
('20EBD0007X', 'SANTIAGO NUYOO '),
('20EBD0008W', 'SANTA MARIA NUTIO'),
('20EBD0009V', 'SANTIAGO XOCHILTEPEC'),
('20EBD0011J', 'NGAU NIYA YANU ZACU KJUABITSIEN'),
('20EBD0012I', 'SAN MIGUEL CHIMALAPA'),
('20EBD0013H', 'SANTIAGO XANICA'),
('20EBD0014G', 'JALTEPEC DE CANDAYOC'),
('20EBD0015F', 'SAN ANTONIO HUITEPEC'),
('20EBD0016E', 'SANTO DOMINGO TEPUXTEPEC'),
('20EBD0017D', 'SANTIAGO LALOPA'),
('20EBD0018C', 'SAN AGUSTÍN TLACOTEPEC'),
('20EBD0019B', 'SANTA MARIA TEOPOXCO'),
('20EBD0020R', 'SAN PEDRO SOCHIAPAM'),
('20EBD0021Q', 'SANTIAGO IXTAYUTLA'),
('20EBD0022P', 'SAN JOSE DE LAS FLORES'),
('20EBD0023O', 'SAN BARTOLOMÉ AYAUTLA'),
('20EBD0024N', 'SANTIAGO TETEPEC'),
('20EBD0025M', 'SAN MARTIN PERAS'),
('20EBD0026L', 'SAN ANDRES SOLAGA'),
('20EBD0027K', 'ALVARO OBREGON'),
('20EBD0028J', 'SANTOS REYES PÁPALO'),
('20EBD0029I', 'TEOTITLÁN DEL VALLE'),
('20EBD0030Y', ' SAN JERONIMO NUCHITA'),
('20EBD0031X', 'SAN MIGUEL AHUEHUETITLAN'),
('20EBD0032W', 'SANTIAGO IXTALTEPEC'),
('20EBD0033V', 'LÁZARO CÁRDENAS'),
('20EBD0034U', 'SAN LORENZO CUAUNECUILTITLA'),
('20EBD0035T', 'SAN VICENTE COATL?N'),
('20EBD0036S', 'EL CARRIZAL'),
('20EBD0037R', 'LLANO VÍBORA'),
('20EBD0038Q', 'ARROYO SÚCHIL'),
('20EBD0039P', 'SANTA MARIA TEMAXCALAPA'),
('20EBD0040E', 'SAN BARTOLOMÉ ZOOGOCHO'),
('20EBD0041D', 'BENITO JUAREZ'),
('20EBD0042C', 'EL GACHUPIN'),
('20EBD0043B', 'LA BLANCA'),
('20EBD0044A', 'SANTA MARIA YAVICHE'),
('20EBD0045Z', 'SAN PEDRO ÑUMI'),
('20EBD0046Z', 'COATECAS ALTAS'),
('20EBD0047Y', 'LA VENTOSA'),
('20EBD0048X', 'AQUILES SERDAN'),
('20EBD0049W', 'SAN MIGUEL LACHIXOLA'),
('CSEIIOOFCRT', 'CSEIIO OFICINAS CENTRALES'),
('UESA1612', 'UNIDAD DE ESTUDIOS SUPERIORES DE ALOTEPEC');

-- --------------------------------------------------------

--
-- Estructura de tabla para la tabla `empleados`
--

CREATE TABLE `empleados` (
  `curp` varchar(50) NOT NULL DEFAULT '',
  `nombre` varchar(100) DEFAULT NULL,
  `bic` varchar(50) DEFAULT NULL,
  `categoria` varchar(50) DEFAULT NULL,
  `registrado` int(11) NOT NULL DEFAULT '0' COMMENT '0 = No registrado - 1 = Registrado',
  `academia` varchar(50) DEFAULT NULL COMMENT 'Diferentes academias que se tienen en el CSEIIO'
) ENGINE=InnoDB DEFAULT CHARSET=latin1 COMMENT='Tabla que contiene la plantilla de empleados del CSEIIO';

--
-- Volcado de datos para la tabla `empleados`
--

INSERT INTO `empleados` (`curp`, `nombre`, `bic`, `categoria`, `registrado`, `academia`) VALUES
('AAAL771117MOCRGD04', 'LIDICE OFELIA ARAGON AGUILAR                    ', '20EBD0015F', 'PROFESOR ASOCIADO B 5B INV', 1, NULL),
('AADS600620HOCLNL04', 'SILVERIO ALVARADO DONATO                        ', '20EBD0020R', 'INTENDENTE DE PLANTEL 5NT', 0, NULL),
('AAHF860518HOCLRD07', 'FEDERICO ALVAREZ HERNANDEZ ', '20EBD0003A', 'INTENDENTE DE PLANTEL 5NT', 0, NULL),
('AAMA810424HOCLRL00', 'JOSE ALBERTO ALCALA MARTINEZ', 'CSEIIOOFCRT', 'PROFESOR ASOCIADO OFCTRL', 1, NULL),
('AAMF841223MOCNNB05', 'FABIANA ANASTASIO MENDEZ ', '20EBD0034U', 'PROFESOR ASOCIADO B INV ', 1, NULL),
('AAMM800115MOCLRR06', 'MAURA ALTAMIRANO MARTINEZ', '20EBD0001C', 'PROFESOR ASOCIADO B 5C INV', 1, NULL),
('AAMR900312HOCLND02', ' RODRIGO ALAVEZ MENDEZ  ', '20EBD0029I', 'INTENDENTE DE PLANTEL ', 0, NULL),
('AARA840927MOCPMD06', 'AIDEE ROSA APARICIO RAMIREZ                       ', '20EBD0011J', 'PROFESOR ASOCIADO B 5C INV', 1, NULL),
('AATG880129MSLLNL07', 'GLADIS ALCAZAR TONCHEZ ', 'CSEIIOOFCRT', 'PROFESOR ASOCIADO B INV ', 1, NULL),
('AEAR871223MOCRLB08', 'RUBI KARINA ARELLANES ALVARADO ', '20EBD0049W', 'PROFESOR ASOCIADO B INV', 1, NULL),
('AEHG831118HOCRRL06', 'GUILLERMO ROMAN ARREOLA HERNANDEZ ', '20EBD0040E', 'PROFESOR ASOCIADO B 5C INV', 1, NULL),
('AEMO800629HOCVNM13', 'OMAR AVENDAÑO MONTALVO', '20EBD0003A', 'PROFESOR ASOCIADO B 3A INV', 1, NULL),
('AENR880926MOCLZY08', 'REYNA ALLENDE NAZARIO ', '20EBD0017D', 'PROFESOR ASOCIADO B PROM', 0, 'DESARROLLO COMUNITARIO'),
('AEPS830422MPLSCN02', 'SENORINA ASCENCION PACHECO ', '20EBD0019B', 'PROFESOR ASOCIADO B 5C INV', 1, NULL),
('AERO730416MVZCNF01', 'OFELIA ACEVEDO RENTERAL                         ', '20EBD0016E', 'PROFESOR ASOCIADO B 5NT INV', 1, NULL),
('AESL860715MOCCLL01', 'LILIA ACEVEDO SILVA ', '20EBD0003A', 'SECRETARIA(O)  DE PLANTEL 5NT', 0, NULL),
('AIAM910926MOCVVR07', 'MARIBEL AVILA AVILA', '20EBD0031X', 'PROFESOR ASOCIADO B INV ', 1, 'DESARROLLO COMUNITARIO'),
('AOCE761130MOCNNL01', 'ELIZABETH ANTONIO CANO                          ', '20EBD0045Z', 'PROFESOR ASOCIADO B 5C INV', 1, NULL),
('AOHF751221MOCNRR08', 'FRANCISCA ANTONIO HERN?NDEZ', 'UESA1612', 'PROFESOR ASOCIADO DIRECTOR', 1, NULL),
('AOJE820821MOCNRD07', 'EDITH ANTONIO JUAREZ ', '20EBD0035T', 'PROFESOR ASOCIADO B 5C INV', 1, NULL),
('AOMI810504HOCRRN03', 'INTI ARZOLA MARCIAL', '20EBD0029I', 'PROFESOR ASOCIADO B INV ', 1, NULL),
('AOPR800403HOCMRC05', 'RICARDO AMBROSIO PRADO ', '20EBD0006Y', 'PROFESOR ASOCIADO C 5NT', 1, NULL),
('AOTA650911HMCNLQ06', 'AQUILES ANTONIO TOLEDO ', '20EBD0043B', 'INTENDENTE DE PLANTEL', 0, NULL),
('AUGF660314HCSLTL09', 'FLORENTINO ALTUZAR GUTI?RREZ', '20EBD0027K', 'PROFESOR ASOCIADO DIRECTOR', 1, NULL),
('AUHH900510HOCGRC04', 'AGUILAR HERRERA HECTOR', '20EBD0001C', 'PROFESOR ASOCIADO B INV', 1, NULL),
('AUJL630309HOCGNS05', 'LUIS AGUILAR JUAN                                ', '20EBD0012I', 'INTENDENTE DE PLANTEL 5NT', 0, NULL),
('AUPI811127HOCHRS09', 'ISAAC AHUJA PAREDES ', '20EBD0023O', 'PROFESOR ASOCIADO C TC', 1, NULL),
('AURF840218HOCQDL17', 'FELIX AQUINO RODRIGUEZ                       ', '20EBD0014G', 'PROFESOR ASOCIADO B 5C INV', 1, NULL),
('AURL810203HOCGDR07', 'LAURENTINO AGUILAR RODRIGUEZ ', '20EBD0039P', 'PROFESOR ASOCIADO B 5C INV', 1, NULL),
('BAAS870704MOCTGL01', 'SILVIA BAUTISTA AGUILAR ', '20EBD0018C', 'PROFESOR ASOCIADO C TC', 1, NULL),
('BABB850705MOCTTT09', 'BEATRIZ BAUTISTA BAUTISTA ', '20EBD0017D', 'SECRETARIA(O)  DE PLANTEL 5NT', 0, NULL),
('BAFS800409HOCRNL02', 'SALVADOR BRAVO FUENTES ', '20EBD0003A', 'PROFESOR ASOCIADO B 5C PROM', 1, 'DESARROLLO COMUNITARIO'),
('BAGJ840814HOCTRS01', 'JOSE BAUTISTA GARCIA ', '20EBD0007X', 'PROFESOR ASOCIADO B 5C INV', 1, NULL),
('BAGM741008MOCRZR01', 'MARTHA BARRIOS GUZMAN ', '20EBD0035T', 'PROFESOR ASOCIADO B 5C INV', 1, NULL),
('BAGM841113MOCRZR01', ' MARIBEL BARRIOS GUZMAN ', '20EBD0048X', 'PROFESOR ASOCIADO B INV ', 1, NULL),
('BAHT790206HOCTRM08', 'TOMAS BAUTISTA HERNANDEZ ', '20EBD0026L', 'PROFESOR ASOCIADO B INV ', 1, NULL),
('BAJM810218HOCTCX14', 'MAXIMO BAUTISTA JACINTO', '20EBD0002B', 'PROFESOR ASOCIADO DIRECTOR', 1, NULL),
('BALG730818MOCTPL09', 'GUILLERMINA BAUTISTA LOPEZ                        ', '20EBD0018C', 'PROFESOR ASOCIADO B 5C INV', 1, NULL),
('BALS831228MOCTPL04', 'SILVIA BAUTISTA LOPEZ                            ', '20EBD0007X', 'SECRETARIA(O)  DE PLANTEL 5NT', 0, NULL),
('BAMM770429HOCTNR07', 'MARCELO BAUTISTA MENDEZ ', '20EBD0028J', 'PROFESOR ASOCIADO B 5C INV', 1, 'DESARROLLO COMUNITARIO'),
('BAMO620121HOCLNS08', 'OSCAR BALTAZAR MENDOZA', '20EBD0020R', 'PROFESOR ASOCIADO DIRECTOR', 1, NULL),
('BAMT881203NOCTNN09', 'TANIA BAUTISTA MONROY', 'UESA1612', 'PROFESOR ASOCIADO UESA', 0, NULL),
('BARM740922HOCLSR09', 'MARIANO BLAS RASGADO                           ', '20EBD0012I', 'PROFESOR ASOCIADO B 5B INV', 1, NULL),
('BATD860218MOCRLL03', ' DULCE MARIA BARRERA TOLEDO ', '20EBD0032W', 'PROFESOR ASOCIADO B INV ', 1, NULL),
('BATN800318HOCRLL00', 'NELSON BARRERA TOLEDO                             ', '20EBD0027K', 'PROFESOR ASOCIADO B 5C INV', 1, NULL),
('BAVE910419MOCTLL06', 'ELEDY BAUTISTA VELASCO', '20EBD0034U', 'PROFESOR ASOCIADO DIRECTOR', 1, NULL),
('BELJ690321HSLLNC02', 'JACINTO BELTR?N LANDEROS', '20EBD0046Z', 'PROFESOR ASOCIADO DIRECTOR', 0, NULL),
('BERC850717MOCTMR04', 'CAROLINA BETETA RAMIREZ ', '20EBD0037R', 'PROFESOR ASOCIADO B 3A INV', 1, NULL),
('BOJE850401MOCLLL08', 'ELDA BOLAÑOS JULIAN ', '20EBD0036S', 'PROFESOR ASOCIADO B 3B INV', 1, NULL),
('BOPA770424HOCLCL03', 'ALEJANDRO BOLA?OS PACHECO', '20EBD0029I', 'PROFESOR ASOCIADO DIRECTOR', 1, NULL),
('CAEC810302HOCRSR01', 'CARLOS CARRERA ESPEJO                         ', '20EBD0020R', 'PROFESOR ASOCIADO B 5C INV', 1, NULL),
('CAEH830205MOCRSL05', 'HILDA CARRERA ESPEJO', '20EBD0008W', 'PROFESOR ASOCIADO B INV ', 1, NULL),
('CAGD770608MOCRRL08', 'DALILA CARBALLIDO GARCIA', 'CSEIIOOFCRT', 'PROFESOR ASOCIADO OFCTRL', 1, NULL),
('CAGM790307MMCRRN04', 'MINERVA CARRERA GARCIA                     ', '20EBD0011J', 'SECRETARIA(O)  DE PLANTEL 5NT', 0, NULL),
('CAGY910418MDFNRS07', 'YESSICA JUDITH CANSECO GARCIA                     ', '20EBD0023O', 'SECRETARIA(O)  DE PLANTEL 5NT', 0, NULL),
('CAHC900329MOCSNL09', 'CLAUDIA,CASTILLEJOS HENESTROZA', '20EBD0024N', 'PROFESOR ASOCIADO B INV ', 1, NULL),
('CAHE820125MOCRRL00', 'ELVIRA CARRERA HERNANDEZ', '20EBD0025M', 'PROFESOR ASOCIADO B INV', 1, NULL),
('CAHF841026HOCRRS05', 'FAUSTINO CARRERA HERNANDEZ ', '20EBD0011J', 'PROFESOR ASOCIADO B 5C INV', 1, NULL),
('CAHL590126HOCRRB07', 'LEOBARDO CARRERA HERNANDEZ                        ', '20EBD0011J', 'PROFESOR ASOCIADO B 5C INV', 1, NULL),
('CAHS870501MOCSRL07', 'SALIA ROXANA CASTRO HERN?NDEZ', '20EBD0039P', 'PROFESOR ASOCIADO DIRECTOR', 1, NULL),
('CAHY930119HOCLRB07', 'YUBIEL CALLEJA HERNANDEZ ', '20EBD0009V', 'PROFESOR ASOCIADO C TC', 1, NULL),
('CAJJ870913HOCLQN01', 'JUAN AMADO CALLEJAS JOAQUIN', '20EBD0013H', 'PROFESOR ASOCIADO B INV', 0, NULL),
('CAJK910524MOCSMN05', 'KENIA AMAYRANI CASTILLEJOS JIM?NEZ', '20EBD0049W', 'PROFESOR ASOCIADO DIRECTOR', 1, NULL),
('CALL870213MOCSPZ01', 'LIZBETH CASTILLO LOPEZ ', '20EBD0023O', 'PROFESOR ASOCIADO B 5C INV', 1, NULL),
('CALR800517HOCNPM00', 'ROMEO CANSINO LOPEZ', 'CSEIIOOFCRT', 'PROFESOR ASOCIADO OFCTRL', 1, NULL),
('CAMB831202MOCSRR00', 'MARIA BRISEIDA CASTILLEJOS MARCIAL ', '20EBD0042C', 'PROFESOR ASOCIADO B 5C1 INV', 1, NULL),
('CAMB841227HMCSNC01', 'BACILIO ALEJANDRO CASTRO MONTES  ', '20EBD0036S', 'PROFESOR ASOCIADO B 5C INV', 0, NULL),
('CAMC801019HOCBRR03', 'CARLOS ALBERTO CABRERA MARTINEZ ', '20EBD0030Y', 'PROFESOR ASOCIADO B 5C INV', 1, 'DESARROLLO COMUNITARIO'),
('CAMG791103HOCBJM07', 'GAMALIEL CABALLERO MEJ?A', '20EBD0015F', 'PROFESOR ASOCIADO DIRECTOR', 1, NULL),
('CAMJ810527MOCRRN00', 'JANET CARRERA MARTINEZ                       ', '20EBD0011J', 'PROFESOR ASOCIADO B 5C INV', 1, 'DESARROLLO COMUNITARIO'),
('CAMJ910731MOCRRD08', 'JUDITH CARRASCO MARISCAL ', '20EBD0020R', 'SECRETARIA(O)  DE PLANTEL 5NT', 0, NULL),
('CAMV801101HOCYGL03', 'JOSE VALENTE CAYETANO MIGUEL ', '20EBD0026L', 'INTENDENTE DE PLANTEL 5NT', 0, NULL),
('CAMY880801MOCNRR18', ' YURIRIA CANSECO MARTINEZ ', '20EBD0002B', 'PROFESOR ASOCIADO B INV ', 1, NULL),
('CAPJ781229HOCHDS09', 'JES?S CH?VEZ PADILLA', '20EBD0013H', 'PROFESOR ASOCIADO DIRECTOR', 1, NULL),
('CARC800112HOCSYR03', 'CARLOS CASTILLEJOS REYES ', '20EBD0045Z', 'PROFESOR ASOCIADO B 5C INV', 1, NULL),
('CASA750102HOCBNL05', 'ALEJANDRO CABRERA SANCHEZ                 ', '20EBD0012I', 'PROFESOR ASOCIADO B 5C PROM', 0, 'DESARROLLO COMUNITARIO'),
('CASJ810116MOCHNL02', 'JULIANA CHARIS SANTIAGO ', '20EBD0027K', 'INTENDENTE DE PLANTEL', 0, NULL),
('CASJ960624HOCBNN00', ' JUAN ALBERTO CABALLERO SANCHEZ ', '20EBD0022P', 'INTENDENTE DE PLANTEL ', 0, NULL),
('CAVC851123HOCBLL00', 'CLEMENTE CABALLERO VALDIVIA ', '20EBD0022P', 'PROFESOR ASOCIADO B 3B INV', 1, NULL),
('CAVF860701HOCHRL08', 'FELICIANO CHAZAREZ VARGAS ', '20EBD0003A', 'PROFESOR ASOCIADO C TC', 1, NULL),
('CAVS740722HOCSDL09', 'SAUL CASTILLO VIDAL ', '20EBD0004Z', 'PROFESOR ASOCIADO B 5C PROM', 1, 'DESARROLLO COMUNITARIO'),
('CEBC811104HOCRZR05', 'CARLOS HUGO CERVANTES BAEZ', '20EBD0031X', 'PROFESOR ASOCIADO', 1, NULL),
('CEBC811104HOSRZR05', 'CARLOS HUGO CERVANTES BAEZ', '20EBD0031X', 'PROFESOR ASOCIADO B 3B INV', 0, NULL),
('CESJ770427HOCRNR02', 'JORGE CERVANTES SANTIBA?EZ                        ', '20EBD0042C', 'PROFESOR ASOCIADO B 5C INV', 1, NULL),
('CIRL780118HOCRDM17', 'LAMBERTO CRIST?BAL T?DRIGUEZ', '20EBD0028J', 'PROFESOR ASOCIADO DIRECTOR', 1, NULL),
('CIRS900309MVZDDN03', ' SANDRA IVONNE CID RODRIGUEZ ', '20EBD0019B', 'PROFESOR ASOCIADO B INV ', 0, NULL),
('COBJ900918HOCLTH02', 'JOHNNY ARIEL COLORES BAUTISTA', '20EBD0022P', 'PROFESOR ASOCIADO B INV', 1, NULL),
('COGL881211HOCRRN05', 'LEONCIO ROBERTO CORTES GARCIA ', '20EBD0013H', 'INTENDENTE DE PLANTEL 5NT', 0, NULL),
('COGR850120HOCRRB07', 'RUBEN CARLOS CORTES GARCIA ', '20EBD0013H', 'PROFESOR ASOCIADO C TC', 1, NULL),
('COJM890110HOCNLS06', 'MISAEL CONTRERAS JULIAN ', '20EBD0017D', 'PROFESOR ASOCIADO B INV ', 0, NULL),
('COJR780105MOCNMS04', 'ROSA CONFESOR JIMENEZ ', '20EBD0002B', 'INTENDENTE DE PLANTEL 5NT', 0, NULL),
('COSM760504HOCRNR09', 'MARQUITO CORTEZ SANCHEZ                           ', '20EBD0012I', 'PROFESOR ASOCIADO B 5B INV', 1, NULL),
('COXE840515MOCRXM06', 'EMYLSE CORONADO ', '20EBD0027K', 'SECRETARIA(O)  DE PLANTEL 5NT', 0, NULL),
('CUAC870602HOCRNN06', 'CINAR ADRIAN CRUZ ANTONIO ', '20EBD0014G', 'PROFESOR ASOCIADO B INV ', 0, NULL),
('CUBY870126MOCRRN04', 'YOANA KARINA CRUZ BARRAGAN ', '20EBD0018C', 'PROFESOR ASOCIADO B 5C INV', 1, NULL),
('CUGO770312HOCRLM03', 'OMAR CRUZ GALLEGOS                                ', '20EBD0027K', 'PROFESOR ASOCIADO B 5C INV', 1, NULL),
('CUGT820125HOCRRL09', 'TLALOC CRUZ GARCIA ', '20EBD0003A', 'PROFESOR ASOCIADO B 5C INV', 1, NULL),
('CURD880309MOCRDY04', 'DEYSI CRUZ RODRIGUEZ ', '20EBD0049W', 'PROFESOR ASOCIADO B INV', 0, NULL),
('CURY871220MOCVMD07', 'YADIRA CUEVAS RAMIREZ ', '20EBD0036S', 'PROFESOR ASOCIADO B 5C INV', 1, 'DESARROLLO COMUNITARIO'),
('CUSJ800424HOCRNR07', 'JORGE CRUZ SANCHEZ ', '20EBD0022P', 'INTENDENTE DE PLANTEL 5NT', 0, NULL),
('CUSM890917MOCRNR03', 'MARITZA CRUZ SANCHEZ ', '20EBD0020R', 'PROFESOR ASOCIADO B INV', 0, NULL),
('CXCO840701HOCBRS02', 'OSCAR CABRERA CARRERA', '20EBD0033V', 'PROFESOR ASOCIADO B INV ', 1, NULL),
('CXGA860508MOCNNN04', 'ANDREA JOCELYN CANSECO GONZALEZ ', '20EBD0002B', 'PROFESOR ASOCIADO B INV', 1, NULL),
('DIAM791130MOCGQR07', 'MIREYA DIEGO AQUINO ', 'CSEIIOOFCRT', 'PROFESOR ASOCIADO OFCTRL', 1, NULL),
('DICF811124HOCZRR00', 'FRANCISCO JAVIER DIAZ CRISTOBAL', '20EBD0003A', 'PROFESOR ASOCIADO DIRECTOR', 1, NULL),
('DICR900221HOCZRL03', 'RAUL DIAZ CERVANTES ', '20EBD0019B', 'PROFESOR ASOCIADO B INV', 1, NULL),
('DIGA890128HOCZRR03', 'AURELIO DIAZ GARCIA ', 'CSEIIOOFCRT', 'PROFESOR ASOCIADO B INV ', 1, NULL),
('DIGF821212HOCZNR00', 'FERNANDO DIAZ GONZALEZ                            ', '20EBD0019B', 'PROFESOR ASOCIADO B 5C INV', 0, NULL),
('DIME700306MOCZNL05', 'ELENA PATRICIA DIAZ MENDOZA                        ', '20EBD0046Z', 'PROFESOR ASOCIADO B 5C INV', 1, NULL),
('DORG810410MOCLBD03', 'GUADALUPE DOLORES ROBLES ', '20EBD0004Z', 'PROFESOR ASOCIADO B 5C INV', 1, NULL),
('DOTC760523HOCLLR07', 'CARLOS ROBERTO DOLORES TOLEDO', '20EBD0004Z', 'PROFESOR ASOCIADO DIRECTOR', 1, NULL),
('DUVA810613MOCRRN13', 'MA ANTONIA DUARTE VARELA ', '20EBD0003A', 'PROFESOR ASOCIADO B 5C INV', 1, NULL),
('EARI830503MOCSYT09', 'ITHALI CINDI ESPA?A REYES                         ', '20EBD0023O', 'PROFESOR ASOCIADO B 5C INV', 1, NULL),
('EAVR660417HOCSSD04', 'RODOLFO ESTRADA VASQUEZ                      ', '20EBD0019B', 'INTENDENTE DE PLANTEL 5NT', 0, NULL),
('EEAV830216HOCSSC03', 'VICTOR MANUEL ESPERON ASCONA', 'UESA1612', 'PROFESOR ASOCIADO UESA', 1, NULL),
('EEGE901122HOCNRD08', '  EDBERG ENCHE GUERRA ', '20EBD0020R', 'PROFESOR ASOCIADO B INV ', 1, NULL),
('EEHJ760519MVZSRL05', 'JULIA CRISTINA ESPERILLA HERNANDEZ', '20EBD0029I', 'PROFESOR ASOCIADO B 5C INV', 0, NULL),
('EEHJ781225MVZSRS02', 'MARIA DE JESUS ESPERILLA HERNANDEZ ', '20EBD0030Y', 'PROFESOR ASOCIADO B 5C INV', 1, NULL),
('EIBG850115MOCNTD06', 'GUADALUPE ENRIQUEZ BAUTISTA ', '20EBD0026L', 'SECRETARIA(O)  DE PLANTEL 5NT', 0, NULL),
('EOCN710214MOCSRL04', 'NELSHI ESCOBAR CARRASCO', '20EBD0032W', 'INTENDENTE DE PLANTEL', 0, NULL),
('EOVM880825MOCSLG02', 'MARIA MAGDALENA ESCOBAR VILLA ', '20EBD0032W', 'SECRETARIA(O)  DE PLANTEL', 0, NULL),
('FACP820409HDFRRD07', 'PEDRO LUIS FRANCISCO CRUZ ', '20EBD0036S', 'PROFESOR ASOCIADO B 5C INV', 0, NULL),
('FALA790415HOCRPL00', 'ALVARO FRANCISCO LOPEZ                  ', '20EBD0011J', 'PROFESOR ASOCIADO B 5C INV', 0, NULL),
('FALJ811024HOCRPN00', 'JENARO FRANCISCO LOPEZ ', '20EBD0039P', 'PROFESOR ASOCIADO B 5C INV', 1, NULL),
('FAMN850908MOCRRY05', 'NAYELI FRANCISCO MARTINEZ ', '20EBD0019B', 'PROFESOR ASOCIADO B 5C PROM', 1, 'DESARROLLO COMUNITARIO'),
('FAMS801012HOCRRL03', 'SALVINO FRANCISCO MORALES ', '20EBD0006Y', 'INTENDENTE DE PLANTEL 5NT', 0, NULL),
('FARC750622HOCSYH06', 'CUAHUTEMOC FAUSTINO REYES', '20EBD0011J', 'PROFESOR ASOCIADO DIRECTOR', 1, NULL),
('FEPG660122HOCNRD06', 'GAUDENCIO FENTANEZ PEREZ ', '20EBD0040E', 'PROFESOR ASOCIADO B 5C INV', 1, NULL),
('FIOC541005HOCLRR01', 'CARLOS FILIO ORTEGA                            ', '20EBD0011J', 'INTENDENTE DE PLANTEL 5NT', 0, NULL),
('FOES900227MOCLSN02', 'SANDY FLORES ESTEVA ', '20EBD0009V', 'PROFESOR ASOCIADO B PROM ', 1, 'DESARROLLO COMUNITARIO'),
('FOFJ830905HOCLLN04', 'JUAN CARLOS FLORES FLORES ', '20EBD0034U', 'PROFESOR ASOCIADO B PROM ', 1, 'DESARROLLO COMUNITARIO'),
('FOPH840316MOCLCR03', 'HERIBERTA FLORES PACHECO ', '20EBD0005Z', 'SECRETARIA(O)  DE PLANTEL 5NT', 0, NULL),
('FUZY810912MOCNRS03', 'YESENIA FUENTES ZARATE                         ', '20EBD0008W', 'PROFESOR ASOCIADO B 5C INV', 0, NULL),
('GAAA630125HDFRLR08', ' ARTURO GARCIA ALTAMIRANO  ', '20EBD0040E', 'PROFESOR ASOCIADO C TC ', 0, NULL),
('GAAA740806MOCRRN06', 'ANGELICA GARCIA ARIAS ', '20EBD0008W', 'PROFESOR ASOCIADO B 5C INV', 0, NULL),
('GAAJ811223HOCRNS09', 'JESUS GABRIEL GARCIA ANTONIO ', '20EBD0043B', 'PROFESOR ASOCIADO B INV ', 1, NULL),
('GAAM810101HOCRGN01', 'MANUEL DE JESUS GARCIA AGUSTIN ', '20EBD0034U', 'PROFESOR ASOCIADO B 5C PROM', 0, NULL),
('GABR860523HOCRTM05', 'RAMIRO GARCIA BAUTISTA', 'CSEIIOOFCRT', 'PROFESOR ASOCIADO OFCTRL', 1, NULL),
('GACB730314HOCRML05', 'BALDEMAR GARCIA CAMACHO', '20EBD0008W', 'PROFESOR ASOCIADO DIRECTOR', 1, NULL),
('GACB810217HOCRRN01', 'BONFILIO GARCIA CRUZ ', '20EBD0035T', 'PROFESOR ASOCIADO C TC', 0, NULL),
('GACR830410MOCRRC04', 'ROCIO GARCIA CARRERA', 'UESA1612', 'PROFESOR ASOCIADO UESA', 1, NULL),
('GAGJ880723HOCRLV08', 'JAVIER GARCIA GALLARDO  ', '20EBD0002B', 'PROFESOR ASOCIADO B INV ', 1, NULL),
('GAGS910711MOCRBR05', 'SOREIDA GARCIA GABRIEL ', '20EBD0037R', 'PROFESOR ASOCIADO B INV ', 1, 'DESARROLLO COMUNITARIO'),
('GAHE800904HOCRRD09', 'EDUARDO GARC?A HERN?NDEZ', '20EBD0014G', 'PROFESOR ASOCIADO DIRECTOR', 1, NULL),
('GAHF750102HOCRRL05', 'FELIPE GARCIA HERNANDEZ ', '20EBD0022P', 'PROFESOR ASOCIADO C TC', 1, NULL),
('GAJE760513HOCRML06', 'ELVIS GARCIA JIMENEZ                             ', '20EBD0012I', 'PROFESOR ASOCIADO B 5A INV', 0, NULL),
('GAJP771026HOCRMS05', 'PASCUAL GARCIA JIMENEZ                           ', '20EBD0032W', 'PROFESOR ASOCIADO B 5NT INV', 1, NULL),
('GAMJ780228HOCLRV03', 'JAVIER GALLARDO MART?NEZ', '20EBD0017D', 'PROFESOR ASOCIADO DIRECTOR', 1, NULL),
('GAMR770711HOCRRF05', 'RAFAEL GARCIA MARTINEZ ', '20EBD0034U', 'PROFESOR ASOCIADO B 5C INV', 1, NULL),
('GAMS850721HOCRRR03', 'SERGIO GARCIA MARCOS                             ', '20EBD0025M', 'PROFESOR ASOCIADO B 5C INV', 1, NULL),
('GAOE801013HOCRLD05', 'EDUARDO GARCIA OLIVERA ', '20EBD0005Z', 'PROFESOR ASOCIADO B 5C INV', 1, NULL),
('GAOG800914HPLRSV09', 'GEOVANNI GARCIA OSORIO', '20EBD0034U', 'PROFESOR ASOCIADO B 3A INV', 1, NULL),
('GAOM830430HOCLSC07', 'MICHEL GALLEGOS OSORIO                           ', '20EBD0021Q', 'PROFESOR ASOCIADO B 5B INV', 1, NULL),
('GASA860207MOCRNN09', 'ANNABEL GARCIA SANTIAGO ', '20EBD0007X', 'PROFESOR ASOCIADO B 5C INV', 1, 'DESARROLLO COMUNITARIO'),
('GAVA861026MOCRNR05', 'ARIADNA GARCIA VENTURA', '20EBD0005Z', 'PROFESOR ASOCIADO DIRECTORA', 1, NULL),
('GAVC840515HOCLSR08', 'CRISOFORO GALLARDO VASQUEZ', 'UESA1612', 'PROFESOR ASOCIADO UESA', 1, NULL),
('GAVG910328MOCBSD03', 'MARIA GUADALUPE GABRIEL VASQUEZ ', '20EBD0038Q', 'SECRETARIA(O)  DE PLANTEL', 0, NULL),
('GEPA831224MOCRRD03', 'ADELA MANUELA GERARDO PRISCILIANO ', '20EBD0030Y', 'PROFESOR ASOCIADO B 5C1 INV', 1, NULL),
('GOBG771003HOCNRR09', 'GERARDO GONZALEZ BURGOS ', '20EBD0003A', 'PROFESOR ASOCIADO B 3B PROM', 1, 'DESARROLLO COMUNITARIO'),
('GOCD900716MDFMRR00', ' DARINKA VIRGINIA GOMEZ CRISTOBAL ', '20EBD0030Y', 'PROFESOR ASOCIADO B INV ', 1, NULL),
('GOCJ770317HOCMLN09', 'JUAN CARLOS GOMEZ COLIN', '20EBD0029I', 'PROFESOR ASOCIADO B 5C1 INV', 1, NULL),
('GODJ750617HOCNSN09', 'JUAN CARLOS GONZALEZ DESIRENA ', '20EBD0029I', 'PROFESOR ASOCIADO B 5C INV', 1, NULL),
('GODO870702MOCNLL01', 'OLMEDA GONZAGA DOLORES ', '20EBD0043B', 'SECRETARIA(O)  DE PLANTEL', 0, NULL),
('GODV761013MOCNLR08', 'VERONICA GONZAGA DOLORES ', '20EBD0004Z', 'PROFESOR ASOCIADO B 5C INV', 1, NULL),
('GODV810723MOCNLL05', 'VIOLETA GONZAGA DOLORES                          ', '20EBD0023O', 'PROFESOR ASOCIADO B 5C INV', 1, NULL),
('GOEY910316MOCMSD04', 'YADIRA GOMEZ ESTEBAN ', '20EBD0028J', 'PROFESOR ASOCIADO B INV ', 1, NULL),
('GOGA821013HOCMNL06', 'JOSE ALBERTO GOMEZ GONZALEZ ', '20EBD0006Y', 'PROFESOR ASOCIADO B 5C INV', 1, NULL),
('GOHA800420MOCMRM08', 'AMELIA GOMEZ HERNANDEZ ', '20EBD0002B', 'PROFESOR ASOCIADO B 3B PROM', 1, 'DESARROLLO COMUNITARIO'),
('GOLN861008HOCNPT00', 'NATAN EDUARDO GONZALEZ LOPEZ ', '20EBD0020R', 'PROFESOR ASOCIADO B 5C INV', 1, NULL),
('GOLR790808MMCNPS08', 'ROSA LILIA GONZALEZ LOPEZ                         ', '20EBD0019B', 'PROFESOR ASOCIADO B 5C PROM', 0, 'DESARROLLO COMUNITARIO'),
('GOMI780409HOCMRS06', 'ISRAEL G?MEZ MAR?N', '20EBD0022P', 'PROFESOR ASOCIADO DIRECTOR', 1, NULL),
('GOOL840713MOCNRR00', 'LOURDES GONZALEZ ORTEGA ', '20EBD0028J', 'PROFESOR ASOCIADO B 5C INV', 1, NULL),
('GOPG871031HOCNDB04', 'GABRIEL GONZALEZ PEDRO ', '20EBD0020R', 'PROFESOR ASOCIADO B 5C INV', 0, NULL),
('GOVI840405HOCMRL04', 'ILDEFONSO YETZEYAL GOMEZ VARGAS ', '20EBD0002B', 'PROFESOR ASOCIADO B INV', 1, NULL),
('GOVM761230MOCMRR06', 'MARIA GOMEZ VARGAS                              ', '20EBD0016E', 'PROFESOR ASOCIADO B 5NT PROM', 1, 'DESARROLLO COMUNITARIO'),
('GOZK870924MOCNMR03', 'KARLA LETICIA GONZALEZ ZAMORA ', '20EBD0034U', 'PROFESOR ASOCIADO B 3B INV', 1, NULL),
('GUAH790215HOCTLG03', 'HUGO GUTIERREZ ALCALA                     ', '20EBD0016E', 'PROFESOR ASOCIADO B 5C INV', 1, NULL),
('GUCJ830427MOCZRD06', 'JUDITH GUZMAN CRUZ ', '20EBD0012I', 'SECRETARIA(O)  DE PLANTEL 5NT', 0, NULL),
('GUHE881109MOCTRL05', 'ELIZABETH GUTIERREZ HERNANDEZ ', '20EBD0033V', 'PROFESOR ASOCIADO B 3B INV', 1, NULL),
('GUHF900507MOCTRR05', 'FRANCELI GUTIERREZ HERNANDEZ ', '20EBD0031X', 'PROFESOR ASOCIADO B 3A INV', 1, NULL),
('GUHH911122HOCTRN04', 'HONORATO GUTIERREZ HERNANDEZ ', '20EBD0035T', 'PROFESOR ASOCIADO B INV ', 1, NULL),
('GULC880707HOCTPH05', 'CUAUHTEMOC GUTIERREZ  LOPEZ  ', '20EBD0009V', 'INTENDENTE DE PLANTEL ', 0, NULL),
('GULV821020MOCZZR08', 'VERENICE GUZMAN LEZAMA ', '20EBD0031X', 'PROFESOR ASOCIADO B 3B INV', 1, NULL),
('GURI780401HOCTJR09', 'IRWING GUTIERREZ ROJAS                        ', '20EBD0027K', 'PROFESOR ASOCIADO B 5C INV', 1, NULL),
('GUVL880512HOCZLS05', 'LUIS FERNANDO GUZM?N VILLALOBOS', '20EBD0018C', 'PROFESOR ASOCIADO DIRECTOR', 1, NULL),
('HEBC900815HOCRRR02', 'CARLOS ANIBAL HERRERA BARRAGAN ', '20EBD0031X', 'SECRETARIA(O)  DE PLANTEL', 0, NULL),
('HECA881109HOCRRN00', 'ANGEL HERNANDEZ CRUZ', 'CSEIIOOFCRT', 'PROFESOR ASOCIADO OFCTRL', 0, NULL),
('HECC820726MVZRSR09', 'CRISTIAN HERNANDEZ CASTELLANOS                    ', '20EBD0026L', 'PROFESOR ASOCIADO B 5C INV', 1, NULL),
('HECM740922HTLRMG17', 'MIGUEL ANGEL HERNANDEZ CAMACHO', '20EBD0006Y', 'PROFESOR ASOCIADO DIRECTOR', 1, NULL),
('HEEM870413MOCRLR07', 'MIRIAM HERNANDEZ ELEUTERIO ', '20EBD0026L', 'PROFESOR ASOCIADO B 5C INV', 1, NULL),
('HEGE871227HOCRRD06', 'EDUARDO HERNANDEZ GARCIA ', '20EBD0049W', 'PROFESOR ASOCIADO B INV', 1, NULL),
('HEGJ821224HOCRLS03', 'JESUS MANUEL HERNANDEZ GALLEGOS', '20EBD0036S', 'PROFESOR ASOCIADO B INV ', 1, 'DESARROLLO COMUNITARIO'),
('HEHR710305HDFRRC00', 'RICARDO HERNANDEZ HERNANDEZ ', '20EBD0018C', 'PROFESOR ASOCIADO B 5C1 INV', 1, NULL),
('HEJG730103MOCRMN15', 'GENOVEVA VIRGEN HERNANDEZ JIMENEZ ', '20EBD0001C', 'PROFESOR ASOCIADO B 5B INV', 1, NULL),
('HEJM830816HOCRMC02', 'MACARIO HERN?NDEZ JIM?NEZ', '20EBD0009V', 'PROFESOR ASOCIADO DIRECTOR', 1, NULL),
('HELJ901224HOCRPS05', 'JESUS ANTONIO HERNANDEZ LOPEZ', '20EBD0009V', 'PROFESOR ASOCIADO B INV ', 1, NULL),
('HELK830202MOCRNN05', 'KENDY HERNANDEZ LUNA', '20EBD0001C', 'PROFESOR ASOCIADO B 5C1 INV', 0, NULL),
('HELL860215HOCRPN02', 'LEONEL HERNANDEZ LOPEZ', '20EBD0001C', 'PROFESOR ASOCIADO B 5B INV', 1, 'DESARROLLO COMUNITARIO'),
('HEMJ871117HOCRRR01', 'JORGE CARLOS HERNANDEZ MARTINEZ ', '20EBD0015F', 'PROFESOR ASOCIADO B 3A INV', 1, NULL),
('HEML801126HOCRNS08', 'JOSE LUIS HERNANDEZ MENDEZ ', '20EBD0024N', 'PROFESOR ASOCIADO B 5C INV', 0, NULL),
('HERJ631007HOCRZL05', 'JULIAN EDUARDO HERNANDEZ RUIZ ', 'CSEIIOOFCRT', 'PROFESOR ASOCIADO OFCTRL', 1, NULL),
('HERL840621HOCRMS06', 'LUIS ALBERTO HERNANDEZ RAMON ', '20EBD0023O', 'PROFESOR ASOCIADO B 5C INV', 1, 'DESARROLLO COMUNITARIO'),
('HESC870311HOCRNN03', 'CONSTANTINO HERNANDEZ SANTOS ', '20EBD0013H', 'PROFESOR ASOCIADO B INV', 1, NULL),
('HEVH920228HOCRSL01', ' HILARIO HERNANDEZ VASQUEZ ', '20EBD0012I', 'PROFESOR ASOCIADO B INV ', 1, NULL),
('HEVL740211MOCRSR05', 'MARIA DE LOURDES HERNANDEZ VASQUEZ', 'CSEIIOOFCRT', 'PROFESOR ASOCIADO OFCTRL', 1, NULL),
('HIAD830615HOCDBV03', 'DAVID HIDALGO ABASOLO ', '20EBD0049W', 'PROFESOR ASOCIADO B INV ', 1, NULL),
('IAXM760729MOCNXR00', 'MARTHA INCLAN                                  ', '20EBD0018C', 'PROFESOR ASOCIADO B 5C INV', 1, NULL),
('JABA620817HOCRLD05', 'ADAN JARQUIN BLANCO                         ', '20EBD0040E', 'PROFESOR ASOCIADO B 5C INV', 1, NULL),
('JAMB861011MOCRRR01', 'BRENDA JARQUIN MARTINEZ ', '20EBD0029I', 'PROFESOR ASOCIADO B 5C PROM', 1, 'DESARROLLO COMUNITARIO'),
('JEFA560801HOCSLB00', 'ABEL DE JESUS FULGENCIO ', '20EBD0002B', 'VELADOR DE PLANTEL 5NT ', 0, NULL),
('JIAB940415MOCMNC09', 'BACILISA JIMENEZ ANTONIO ', '20EBD0009V', 'SECRETARIA(O)  DE PLANTEL', 0, NULL),
('JIFA790801HOCMBN12', 'ANGEL AMBROCIO JIMENEZ FABIAN ', '20EBD0043B', 'PROFESOR ASOCIADO B 5C PROM', 1, 'DESARROLLO COMUNITARIO'),
('JIFC710225HOCMGS00', 'CESAREO JIMENEZ FIGUEROA                    ', '20EBD0023O', 'PROFESOR ASOCIADO B 5C INV', 1, NULL),
('JIGM850425MDFMRR07', 'MARIBEL JIMENEZ GARCIA ', '20EBD0036S', 'PROFESOR ASOCIADO B INV', 1, NULL),
('JIJE920812HOCMMD00', '  EDWIN JIMENEZ JIMENEZ ', '20EBD0033V', 'PROFESOR ASOCIADO B INV ', 1, NULL),
('JIMD951222HOCMRV01', 'DAVID JIMENEZ MARTINEZ ', '20EBD0040E', 'PROFESOR ASOCIADO C TC ', 0, NULL),
('JIMG820411MOCMRL01', 'GLORIA ISABEL JIMENEZ MARISCAL ', '20EBD0035T', 'PROFESOR ASOCIADO B 5B INV', 1, NULL),
('JIML890622HOCMRR03', ' LORENZO JIMENEZ MARTINEZ ', '20EBD0029I', 'PROFESOR ASOCIADO C TC  ', 1, NULL),
('JIRE820721HOCMDL02', 'ELEAZAR DOMINGO JIMENEZ RODRIGUEZ ', '20EBD0004Z', 'PROFESOR ASOCIADO B 5C INV', 1, NULL),
('JIZR771009HOCMBY02', 'REYNALDO JIMENEZ ZABALETA ', '20EBD0018C', 'PROFESOR ASOCIADO B 5C PROM', 1, 'DESARROLLO COMUNITARIO'),
('JOVA761024HOCSLD06', 'AUDACTO JOSE VALENCIA ', '20EBD0028J', 'PROFESOR ASOCIADO B 5C INV', 1, NULL),
('JUCE761026HOCRRM06', 'EMMANUELLE JUAREZ/CORTES ', '20EBD0002B', 'PROFESOR ASOCIADO B 5C INV', 1, NULL),
('JUCF880128HOCLBR09', 'FRANCO ANTONIO JULIAN CABALLERO ', '20EBD0025M', 'PROFESOR ASOCIADO B INV', 1, NULL),
('JUHN810712HOCRRB06', 'NABOR JUAREZ HERNANDEZ ', '20EBD0041D', 'PROFESOR ASOCIADO B INV ', 1, NULL),
('LEMM690212HOCZRL03', 'MELESIO LEZAMA MARTINEZ ', '20EBD0028J', 'INTENDENTE DE PLANTEL 5NT', 0, NULL),
('LETL850208MOCZJC03', 'LUCIA LEZAMA TEJADA ', '20EBD0028J', 'PROFESOR ASOCIADO C TC', 1, NULL),
('LOAG830625HOCPLL13', 'GUILLERMO LOPEZ ALAVEZ ', '20EBD0021Q', 'INTENDENTE DE PLANTEL', 0, NULL),
('LOBS871217MOCPTL00', 'SOLEDAD LOPEZ BAUTISTA ', '20EBD0018C', 'SECRETARIA(O)  DE PLANTEL 5NT', 0, NULL),
('LOCD761005MOCPRL09', 'DELFINA ROCIO LOPEZ CRUZ ', '20EBD0036S', 'PROFESOR ASOCIADO B 3B INV', 0, NULL),
('LOCS830527HOCPSM06', ' SAMUEL LOPEZ CASTRO ', '20EBD0036S', 'PROFESOR ASOCIADO B INV ', 1, NULL),
('LODB861207MMSRML02', 'BLANCA LORENZO DOMINGUEZ ', '20EBD0006Y', 'SECRETARIA(O)  DE PLANTEL 5NT', 0, NULL),
('LOFC720316MOCPNR07', ' MARIA CRISTINA LOPEZ FUENTES ', '20EBD0047Y', 'INTENDENTE DE PLANTEL ', 0, NULL),
('LOGD910509HOCPNM00', 'DAMIAN LOPEZ GUENDULAIN ', '20EBD0003A', 'PROFESOR ASOCIADO B INV ', 1, NULL),
('LOGG850507MOCPRS04', 'GISELA REINA LOPEZ GARCIA', '20EBD0045Z', 'PROFESOR ASOCIADO B INV ', 1, NULL),
('LOGJ710718HOCPRV05', 'JAVIER LOPEZ GARCIA ', '20EBD0007X', 'PROFESOR ASOCIADO B 5C INV', 1, NULL),
('LOHA820118HYNPRL00', 'ALBERTO KEN REY LOPEZ HERNANDEZ', '20EBD0014G', 'PROFESOR ASOCIADO B INV ', 1, NULL),
('LOHO780905HOCPRS02', 'OSCAR LOPEZ HERNANDEZ ', '20EBD0042C', 'PROFESOR ASOCIADO B 5C INV', 1, NULL),
('LOHV880901HOCPRD07', 'VIDAL LOPEZ HERNANDEZ ', '20EBD0004Z', 'VIGILANTE 5NT                               ', 0, NULL),
('LOHY871217MOCPRL02', 'YOLANDA LOPEZ HERNANDEZ', '20EBD0018C', 'VELADOR DE PLANTEL', 0, NULL),
('LOLA840824MOCPPD07', 'AIDEE WILMA LOPEZ LOPEZ ', '20EBD0036S', 'PROFESOR ASOCIADO B 5C INV', 0, NULL),
('LOLC800530HOCPPR03', 'CARLOS LOPEZ LOPEZ ', '20EBD0032W', 'PROFESOR ASOCIADO B 5NT INV', 0, NULL),
('LOLD840222HOCPPD06', 'DIDIER LOPEZ LOPEZ ', '20EBD0032W', 'PROFESOR ASOCIADO B 3B INV', 1, NULL),
('LOLE870905HOCPPD08', 'EDUARDO LOPEZ LOPEZ ', '20EBD0002B', 'PROFESOR ASOCIADO B 3B INV', 1, NULL),
('LOLP771210HOCPPD02', 'PEDRO L?PEZ L?PEZ', '20EBD0016E', 'PROFESOR ASOCIADO DIRECTOR', 1, NULL),
('LOME811223MOCPNL01', 'MARIA ELENA LOPEZ MENDOZA ', '20EBD0041D', 'PROFESOR ASOCIADO B INV', 1, NULL),
('LOMR821129HOCPRG00', 'RIGOBERTO LOPEZ MARTINEZ ', '20EBD0021Q', 'PROFESOR ASOCIADO B PROM ', 1, 'DESARROLLO COMUNITARIO'),
('LOMW850125MOCPRL09', ' WILMA LOPEZ MARTINEZ ', '20EBD0033V', 'PROFESOR ASOCIADO B INV ', 0, NULL),
('LONA861206HOCPXL09', 'ALAN TONATIUH LOPEZ NIÑO ', '20EBD0030Y', 'PROFESOR ASOCIADO B 5C INV', 1, NULL),
('LOOS830828HOCPSN03', 'SENEN LOPEZ OSORIO                     ', '20EBD0043B', 'PROFESOR ASOCIADO B 5C1 INV', 1, NULL),
('LOPB921123HOCPRR05', 'BERTIN LOPEZ PEREZ', '20EBD0046Z', 'PROFESOR ASOCIADO B INV ', 1, NULL),
('LOPE791017HOCPRD07', 'EDWIN LOPEZ PEREZ', '20EBD0037R', 'PROFESOR ASOCIADO B INV ', 1, NULL),
('LOPL850928MOCPZR07', 'LAURA LOPEZ PAZOS ', '20EBD0042C', 'SECRETARIA(O)  DE PLANTEL', 0, NULL),
('LOPR811114HOCPRG04', 'RIGEL LOPEZ PEREZ ', '20EBD0025M', 'PROFESOR ASOCIADO C TC', 1, NULL),
('LORC811122MOCPFC04', 'CECILIA REYNA LOPEZ RAFAEL ', '20EBD0032W', 'PROFESOR ASOCIADO B 5C INV', 1, NULL),
('LORM800822HOCPMR06', 'MARCOS LOPEZ RAMIREZ ', '20EBD0025M', 'PROFESOR ASOCIADO B 3B INV', 1, NULL),
('LOSA750623HOCPNR08', 'ARNULFO LOPEZ SANTIAGO ', 'CSEIIOOFCRT', 'CHOFER 5NT', 0, NULL),
('LOSA890312HOCPNB05', ' ABELINO LOPEZ SANTIAGO ', '20EBD0015F', 'PROFESOR ASOCIADO B INV ', 1, NULL),
('LOSE781105HOCPRL05', 'ELIGIO L?PEZ SARABIA ', '20EBD0045Z', 'PROFESOR ASOCIADO DIRECTOR', 1, NULL),
('LOSI810217MOCPNS01', 'ISAURA LOPEZ SANCHEZ ', '20EBD0044A', 'PROFESOR ASOCIADO B 5C INV', 1, 'DESARROLLO COMUNITARIO'),
('LOVF720407HHGPLD05', 'FEDOR OCTAVIO LOPEZ VILLA', 'CSEIIOOFCRT', 'PROFESOR ASOCIADO OFCTRL', 1, NULL),
('LOVJ760319HOCPLS06', 'JOSE LOPEZ VELASCO', 'CSEIIOOFCRT', 'PROFESOR ASOCIADO OFCTRL', 0, NULL),
('LOZA880718HOCPMR01', 'ARNULFO LOPEZ ZAMBRANO', '20EBD0024N', 'PROFESOR ASOCIADO B INV', 1, NULL),
('LUAI841209HOCCRS04', 'ISAEL LUCIANO ARCO ', '20EBD0036S', 'PROFESOR ASOCIADO B 3A INV', 1, 'DESARROLLO COMUNITARIO'),
('LUCR930907MOCNBG06', 'REGINA IRIS NATIVIDAD LUNA CABRERA ', '20EBD0025M', 'SECRETARIA(O)  DE PLANTEL', 0, NULL),
('LUFR690108HOCSSG09', 'RIGOBERTO LUIS FAUSTINO ', '20EBD0041D', 'PROFESOR ASOCIADO B INV', 1, NULL),
('LUHI800408HOCSRR01', 'IRINEO LUIS HERNANDEZ ', '20EBD0004Z', 'PROFESOR ASOCIADO B 5C INV', 1, NULL),
('LUSE780813HOCSLL09', 'ELIAZAR LUIS SALINAS ', '20EBD0038Q', 'PROFESOR ASOCIADO B 5C INV', 1, NULL),
('LUSR860324HOCSNB17', 'RUBEN RAUL LUIS SANCHEZ', 'UESA1612', 'PROFESOR ASOCIADO UESA', 1, NULL),
('LUTD770325MOCNRR09', 'DORA PATRICIA LUNA TORRES                         ', 'CSEIIOOFCRT', 'PROFESOR ASOCIADO OFCTRL', 0, NULL),
('LXCA860805HOCPRB01', 'ABRAHAM LOPEZ CRUZ                               ', '20EBD0009V', 'INTENDENTE DE PLANTEL 5NT', 0, NULL),
('MAAE790107MOCRNL07', 'ELIZABETH MARQUEZ ANDRES', '20EBD0042C', 'PROFESOR ASOCIADO B 5C PROM', 1, 'DESARROLLO COMUNITARIO'),
('MAAE880305HDFCLD00', 'JOSE EDUARDO MACEDO ALDAZ ', '20EBD0009V', 'PROFESOR ASOCIADO B INV ', 1, NULL),
('MABI910124MOCRZN06', 'INES MARTINEZ BAZAN ', '20EBD0029I', 'SECRETARIA(O)  DE PLANTEL 5NT', 0, NULL),
('MACE890320MOCRBG05', 'EUGENIA MARTINEZ CABALLERO ', '20EBD0016E', 'PROFESOR ASOCIADO B PROM ', 0, NULL),
('MACF800517HOCRVR02', 'FRANCISCO V. MART?NEZ COVARRUBIAS', '20EBD0042C', 'PROFESOR ASOCIADO DIRECTOR', 1, NULL),
('MACG780911MOCRRL04', 'GLORIA MARTINEZ CRUZ ', '20EBD0044A', 'PROFESOR ASOCIADO B 5C INV', 0, NULL),
('MACR820809HOCRBM02', 'ROMAN MARTINEZ CABALLERO                      ', '20EBD0015F', 'INTENDENTE DE PLANTEL 5NT', 0, NULL),
('MACR861218MOCRSB04', 'RUBICELIA SOLEDAD MARCIAL CASTILLO ', '20EBD0041D', 'PROFESOR ASOCIADO B 5B INV', 0, NULL),
('MADC791112MOCRZR09', 'CAROLINA MARTINEZ DIAZ                       ', '20EBD0016E', 'PROFESOR ASOCIADO B 5C PROM', 1, 'DESARROLLO COMUNITARIO'),
('MADS820922MOCRZN00', 'SANDRA IVETT MARTINEZ DIAZ', '20EBD0029I', 'PROFESOR ASOCIADO B INV ', 1, NULL),
('MAFG891218MOCRLL09', 'GLADIS MARTINEZ FLORES ', '20EBD0044A', 'PROFESOR ASOCIADO C TC', 1, NULL),
('MAFS751120HOCRRV10', 'SEVERINO MARTINEZ FERNANDEZ ', '20EBD0016E', 'INTENDENTE DE PLANTEL 5NT', 0, NULL),
('MAGM840110MOCRLR02', 'MARIBEL CANDELARIA MARTINEZ GALLARDO ', '20EBD0003A', 'PROFESOR ASOCIADO B 5C INV', 1, NULL),
('MAGN820709MOCRRR08', 'NEREIDA CRYSTABEL MARTINEZ GARCIA', '20EBD0029I', 'PROFESOR ASOCIADO B 5C1 INV', 0, NULL),
('MAGP880130HOCRND07', 'PEDRO OMAR MARTINEZ GONZALEZ ', '20EBD0029I', 'INTENDENTE DE PLANTEL', 0, NULL),
('MAJE671128MMCRMS03', 'ESTELA MARTINEZ JIMENEZ                          ', '20EBD0046Z', 'PROFESOR ASOCIADO B 5C INV', 1, NULL),
('MAJM850315HOCRMG06', 'MIGUEL ANGEL MARTINEZ JIMENEZ ', '20EBD0019B', 'PROFESOR ASOCIADO B INV', 1, NULL),
('MALJ860506HOCTNN00', ' JUAN LUIS MATEOS LEON ', '20EBD0026L', 'PROFESOR ASOCIADO C TC ', 1, NULL),
('MALJ880906HOCLPS05', 'JESUS MALDONADO LOPEZ ', '20EBD0021Q', 'PROFESOR ASOCIADO C TC', 1, NULL),
('MALN860412HOCTPC08', 'NICOLAS MATUS LOPEZ ', '20EBD0043B', 'PROFESOR ASOCIADO B 5C INV', 0, NULL),
('MALR830311MOCCZS19', 'ROSARIO MACHUCA LAZO ', '20EBD0022P', 'PROFESOR ASOCIADO B 5C INV', 1, NULL),
('MAMD741222HOCRNM04', 'DEMETRIO MARTINEZ MENDOZA                        ', '20EBD0029I', 'PROFESOR ASOCIADO B 5C1 INV', 1, NULL),
('MAMD800328HOCRRL02', 'DELFINO MARIN MARTINEZ ', '20EBD0031X', 'PROFESOR ASOCIADO B 3B INV', 1, NULL),
('MAMI770501HOCTNS07', 'ISMAEL MATUS MANZO ', '20EBD0038Q', 'PROFESOR ASOCIADO B 5C INV', 1, NULL),
('MAMJ790701HOCRRR07', 'JORGE MARTINEZ MARTINEZ ', '20EBD0001C', 'INTENDENTE DE PLANTEL 5NT', 0, NULL),
('MAMM890306MOCRNR07', 'MARTHA ELENA MARQUEZ MENDOZA                       ', '20EBD0008W', 'SECRETARIA(O)  DE PLANTEL 5NT', 0, NULL),
('MAMU820919HOCRNR00', 'URIEL ELIH? MART?NEZ M?NDEZ', '20EBD0036S', 'PROFESOR ASOCIADO DIRECTOR', 1, NULL),
('MAMW880803HOCRRL08', 'WILSON MARTINEZ MARTINEZ ', '20EBD0039P', 'PROFESOR ASOCIADO B 3B INV', 1, NULL),
('MAMY811104MOCRRC02', 'YUCITA MART?NEZ MART?NEZ', '20EBD0044A', 'PROFESOR ASOCIADO DIRECTOR', 1, NULL),
('MANI880222MOCRCS02', ' ISABEL MARTINEZ NICOLAS ', '20EBD0018C', 'PROFESOR ASOCIADO B INV ', 1, NULL),
('MANP851005HOCRXL00', 'PLACIDO MARTINEZ NU?EZ ', '20EBD0039P', 'PROFESOR ASOCIADO B 5C INV', 1, NULL),
('MAOL891115MOCRJS06', 'LISBETH MARTINEZ OJEDA ', '20EBD0021Q', 'PROFESOR ASOCIADO B 3B INV', 1, NULL),
('MAPD561211HOCRRN08', 'DANIEL MARTINEZ PERALTA                          ', '20EBD0044A', 'PROFESOR ASOCIADO B 5NT INV', 1, NULL),
('MAPL881025MOCYRR06', 'LOURDES MAYORAL PEREZ ', '20EBD0037R', 'PROFESOR ASOCIADO B INV', 1, NULL),
('MARA910917MOCXGN09', ' ANA KAREN MAXIMIANO REGINO ', '20EBD0042C', 'PROFESOR ASOCIADO B INV ', 1, NULL),
('MARL821014HOCTMS07', 'LUIS ALBERTO MATIAS RAMIREZ', '20EBD0023O', 'PROFESOR ASOCIADO B INV ', 1, NULL),
('MASJ850510HOCRNN09', 'JUAN ANTONIO MARTINEZ SANCHEZ ', '20EBD0023O', 'PROFESOR ASOCIADO B 5C INV', 1, NULL),
('MASJ880711HOCRNN09', 'JOSE JUAN MARQUEZ SANCHEZ ', '20EBD0037R', 'PROFESOR ASOCIADO B 3B INV', 0, NULL),
('MASR901011MOCRBS09', 'ROSARIO MARIBEL MARTINEZ SEBASTIAN ', '20EBD0002B', 'SECRETARIA(O)  DE PLANTEL 5NT', 0, NULL),
('MASY960903MOCRNL07', 'YOLANDA MARTINEZ SANTIAGO ', '20EBD0036S', 'PROFESOR ASOCIADO C TC', 1, NULL),
('MAVA780901MOCRCN02', 'ANA MARTA VICENTE ', '20EBD0006Y', 'PROFESOR ASOCIADO B 5C INV', 0, 'DESARROLLO COMUNITARIO'),
('MAVH870606MOCRNR05', 'HORTENCIA MARCIAL VENEGAS ', '20EBD0001C', 'PROFESOR ASOCIADO B INV ', 1, NULL),
('MAVO810102HOCRRS01', 'OSCAR MARTINEZ VARGAS                             ', '20EBD0040E', 'PROFESOR ASOCIADO B 5C PROM', 1, 'DESARROLLO COMUNITARIO'),
('MAZC720128MOCRRR02', 'CRISTINA BELEM MARTINEZ ZARATE                    ', '20EBD0029I', 'PROFESOR ASOCIADO B 5C INV', 1, NULL),
('MEAO900929MOCRGS01', 'OSIRI MERINO AGUILAR ', '20EBD0024N', 'SECRETARIA(O)  DE PLANTEL ', 0, NULL),
('MEBP710405MOCNTT02', 'PATRICIA MENDOZA BAUTISTA ', '20EBD0001C', 'SECRETARIA(O)  DE PLANTEL 5NT', 0, NULL),
('MECJ811225HOCJSS04', 'JESUS EMMANUEL MEJIA CASIQUE                      ', '20EBD0003A', 'PROFESOR ASOCIADO B 5C INV', 1, NULL),
('MECJ840316HOCNSN05', 'JUAN PEDRO MENDOZA CASTRO ', '20EBD0016E', 'PROFESOR ASOCIADO B 5C INV', 1, NULL),
('MECJ850826HOCNSC00', 'JACINTO HELADIO,MENDOZA CASTRO ', '20EBD0018C', 'PROFESOR ASOCIADO B INV ', 1, NULL),
('MEGF870116HOCLRR03', 'FRANCISCO MELO GARCIA ', '20EBD0008W', 'PROFESOR ASOCIADO B 5C INV', 1, NULL),
('MEGM780706MOCNJL00', 'MELINA MENDEZ GIJON ', '20EBD0016E', 'PROFESOR ASOCIADO B 5C1 INV', 1, NULL),
('MEHC751024HOCNRR17', 'CRISTINO MENDOZA HERNANDEZ', 'CSEIIOOFCRT', 'PROFESOR ASOCIADO OFCTRL', 1, NULL),
('MEHE860102HOCNRL02', 'ELMER MENDOZA HERNANDEZ', '20EBD0005Z', 'PROFESOR ASOCIADO B INV ', 1, NULL),
('MEJC781228HOCJLS05', 'CESAREO MEJIA JULIAN                           ', '20EBD0015F', 'PROFESOR ASOCIADO B 5C INV', 1, NULL),
('MEJG820427MOCDRD08', 'GUADALUPE TRINIDAD MEDINA JUAREZ                ', '20EBD0019B', 'PROFESOR ASOCIADO B 5C INV', 0, NULL),
('MEMJ780202HOCNRV01', 'JAVIER MENDOZA MARTINEZ                            ', '20EBD0028J', 'PROFESOR ASOCIADO B 5B INV', 1, NULL),
('MEOF930701MOCRRL02', ' FLORINA MERINO ORTIZ  ', '20EBD0036S', 'SECRETARIA(O)  DE PLANTEL ', 0, NULL),
('MEOM821126MOCNSR03', 'MAURITA MENDOZA OSORIO ', '20EBD0038Q', 'PROFESOR ASOCIADO B 5C INV', 1, NULL),
('MEOO781012MVZNRT06', 'OTILA LIZETTE MENDEZ ORDO?EZ                    ', '20EBD0047Y', 'PROFESOR ASOCIADO B 5C INV', 1, NULL),
('MEPM890407MOCRBR03', ' MARTHA MERINO PABLO ', '20EBD0017D', 'PROFESOR ASOCIADO B INV ', 1, NULL),
('MERD801229HOCRZV03', 'DAVID MERL?N RU?Z', '20EBD0035T', 'PROFESOR ASOCIADO DIRECTOR', 1, NULL),
('MERJ790824HOCRYS04', ' JOSE DE JESUS MERCADO REYES  ', '20EBD0021Q', 'PROFESOR ASOCIADO B INV ', 1, NULL),
('MIAI911027HOCGMS06', ' ISAIAS MIGUEL AMBROSIO  ', '20EBD0001C', 'PROFESOR ASOCIADO C TC ', 1, NULL),
('MIGC870603HOCGRR07', ' CARLOS MIGUEL GARCIA ', '20EBD0026L', 'PROFESOR ASOCIADO C TC ', 0, NULL),
('MOCT790111HOCRRZ09', 'TIZOC MORGAN DE LA CRUZ', '20EBD0043B', 'PROFESOR ASOCIADO DIRECTOR', 1, NULL),
('MOLD800907MOCNPN03 ', 'DONAJI SOLEDAD MONROY LOPEZ ', '20EBD0048X', 'PROFESOR ASOCIADO B INV', 1, NULL),
('MOME760604MOCRNM08', 'EMMA MORALES MANUEL                             ', '20EBD0014G', 'PROFESOR ASOCIADO B 5NT INV', 1, NULL),
('MOMI871217MOCNRR03', 'IRAIS MONTOYA MERINO ', '20EBD0021Q', 'SECRETARIA(O)  DE PLANTEL 5NT', 0, NULL),
('MOMS891014HOCRRB07', 'SABAS ROLANDO MORENO MARTINEZ ', '20EBD0013H', 'PROFESOR ASOCIADO B 3A INV', 1, NULL),
('MOOM831223HOCNLN06', 'JOSE MANUEL MONTES OLMEDO ', '20EBD0022P', 'SECRETARIA(O)  DE PLANTEL 5NT', 0, NULL),
('MOSE841025MOCRNL06', 'ELIZABET MORALES SANTIAGO ', '20EBD0036S', 'PROFESOR ASOCIADO B PROM', 1, 'DESARROLLO COMUNITARIO'),
('NASC831208MCSTLN16', 'CONCEPCION NATAREN SILIAS ', '20EBD0041D', 'PROFESOR ASOCIADO B 5C PROM', 1, 'DESARROLLO COMUNITARIO'),
('NICV590518HOCCRN00', 'VENANCIO NICOLAS CRUZ                            ', '20EBD0008W', 'INTENDENTE DE PLANTEL 5NT', 0, NULL),
('NOFJ751031HOCRGS08', 'JES?S NORIEGA FIGUEROA', '20EBD0038Q', 'PROFESOR ASOCIADO DIRECTOR', 1, NULL),
('NOTE770727HOCLLN01', 'ENEMIAS NOLAZCO TOLEDO ', '20EBD0014G', 'PROFESOR ASOCIADO B 5C INV', 0, 'DESARROLLO COMUNITARIO'),
('NUPM781012HCSCRR01', 'MARIO ALBERTO NUCAMENDI PEREZ                 ', '20EBD0027K', 'PROFESOR ASOCIADO B 5C INV', 1, NULL),
('OEGG810628HOCRRL05', 'GUILLERMO ORTELA GARCIA                        ', '20EBD0014G', 'PROFESOR ASOCIADO B 5C INV', 1, NULL),
('OEGO800207HOCJZS05', ' OSCAR OJEDA GUZMAN  ', 'CSEIIOOFCRT', 'PROFESOR ASOCIADO C TC ', 1, NULL),
('OETE920906HOCJLL02', ' ELIAS OJEDA TOLEDO ', '20EBD0049W', 'PROFESOR ASOCIADO C TC ', 1, NULL),
('OIBM751009HOCRRN08', 'MANUEL ORTIZ BARRIOS', 'UESA1612', 'PROFESOR ASOCIADO UESA', 1, NULL),
('OIJL900905MOCRRR06', 'LORENZA ORTIZ JUAREZ ', '20EBD0037R', 'PROFESOR ASOCIADO C TC', 1, NULL),
('OILA790410HOCRPL09', 'ALBERTO ORTIZ L?PEZ', '20EBD0041D', 'PROFESOR ASOCIADO DIRECTOR', 1, NULL),
('OILI840831MOCRPR06', 'IRAIDES ORTIZ LOPEZ ', '20EBD0008W', 'PROFESOR ASOCIADO B INV', 1, NULL),
('OIMM780928HOCLNR05', 'MARCELINO OLIVERA MENDEZ                      ', '20EBD0019B', 'PROFESOR ASOCIADO B 5C INV', 1, NULL),
('OIOE780425MOCLRV07', 'EVA OLIVERA ORTEGA ', '20EBD0016E', 'PROFESOR ASOCIADO B 5C INV', 1, NULL),
('OISD880408MOCRNN09', 'DONAJI VIOLETA ORTIZ SANTIAGO ', '20EBD0042C', 'PROFESOR ASOCIADO B INV ', 1, NULL),
('OIVF720518HOCRLR05', 'FRANCISCO JAVIER  ORTIZ VALDIVIESO                 ', '20EBD0012I', 'PROFESOR ASOCIADO B 5B INV', 1, NULL),
('OOLJ711201HOCCNL02', 'JULIO CESAR OCHOA LUNA                             ', '20EBD0004Z', 'PROFESOR ASOCIADO B 5C PROM', 1, 'DESARROLLO COMUNITARIO'),
('OOML830730MOCRNR01', 'LAURA BRISEIDA OROZCO MONTERO ', '20EBD0027K', 'PROFESOR ASOCIADO B 5C INV', 1, NULL),
('OORI851117MOCRYS04', 'ISABEL OROZCO RAYMUNDO ', '20EBD0005Z', 'PROFESOR ASOCIADO B 5C INV', 1, NULL),
('OOSE860920HOCSNM06', 'EMANUEL OSORIO SANCHEZ ', '20EBD0005Z', 'PROFESOR ASOCIADO B INV ', 1, NULL),
('OOSY791024MOCSNR09', 'YURITH OSORIO SANTIAGO ', '20EBD0032W', 'PROFESOR ASOCIADO B 5C PROM', 0, 'DESARROLLO COMUNITARIO'),
('OOVL841009HOCRLS07', 'LUIS OROZCO VALENCIA ', '20EBD0009V', 'PROFESOR ASOCIADO B 5B INV', 1, NULL),
('PACE840329MOCLVL03', 'ELIZABETH PALACIOS CAVERO', '20EBD0037R', 'PROFESOR ASOCIADO DIRECTOR', 1, NULL),
('PACF780305HOCLRR01', 'FERNANDO PALACIOS CARRERA ', '20EBD0019B', 'PROFESOR ASOCIADO B 5C INV', 1, NULL),
('PACS731209HOCLRL00', 'SAUL PALMA CRUZ                                ', '20EBD0018C', 'PROFESOR ASOCIADO B 5C PROM', 0, 'DESARROLLO COMUNITARIO'),
('PADG770903HOCCZR08', 'GREGORIO PACHECO DIAZ ', '20EBD0005Z', 'PROFESOR ASOCIADO B 5C INV', 1, NULL),
('PAGC790827HOCCNN06', 'CANDIDO PACHECO GONZALEZ ', '20EBD0004Z', 'PROFESOR ASOCIADO B 5C INV', 1, NULL),
('PAGJ830104MOCCRN09', 'JENNY PACHECO GARCIA ', '20EBD0044A', 'PROFESOR ASOCIADO B 5C INV', 1, NULL),
('PALE680402HOCSPF09', 'EFRAIN PASCUAL LOPEZ                            ', '20EBD0024N', 'PROFESOR ASOCIADO B 5NT INV', 1, NULL),
('PAOA831007HOCRRR07', 'ARMANDO PAREDES ORDAZ', '20EBD0032W', 'PROFESOR ASOCIADO C TC ', 1, NULL),
('PAPP821118HOCCCD03', 'PEDRO PACHECO PACHECO ', '20EBD0042C', 'PROFESOR ASOCIADO C TC', 1, NULL),
('PAVJ810723HOCXLN00', 'JUAN PAXTIAN VELASCO                             ', '20EBD0046Z', 'PROFESOR ASOCIADO B 5C1 INV', 1, NULL),
('PAZM871027HOCZFG07', 'MIGUEL PAZOS ZEFERINO ', '20EBD0030Y', 'PROFESOR ASOCIADO B 5C INV', 1, NULL),
('PECE861026MOCLNS09', 'ESTRELLA PELAEZ CUENCA ', '20EBD0031X', 'PROFESOR ASOCIADO C TC ', 1, NULL),
('PEDL840208MOCRMC06', ' LUCIA PERALTA DOMINGUEZ  ', '20EBD0012I', 'PROFESOR ASOCIADO B INV ', 1, NULL),
('PEEA870210HOCDSN02', 'ANEE PEDRO ESTUDILLO ', '20EBD0033V', 'PROFESOR ASOCIADO B 5C INV', 0, 'DESARROLLO COMUNITARIO'),
('PEFJ830809MOCRLZ04', 'JAZM?N P?REZ FULGENCIO', '20EBD0024N', 'PROFESOR ASOCIADO DIRECTOR', 1, NULL),
('PEFP700618MOCRLL08', 'PAULA PEREZ FELIPE ', '20EBD0024N', 'INTENDENTE DE PLANTEL 5NT', 0, NULL),
('PEGE900519MOCRRM05', 'EMMA PEREZ GARCIA ', '20EBD0007X', 'PROFESOR ASOCIADO B INV ', 1, NULL),
('PEGL870404HOCRRN06', ' LEONEL SANTOS PEREZ GARCIA ', '20EBD0022P', 'PROFESOR ASOCIADO B INV ', 1, NULL),
('PEHJ860903MOCRRN07', 'JEANNET PEREZ HERNANDEZ ', '20EBD0006Y', 'PROFESOR ASOCIADO B 5A INV', 1, NULL),
('PEHR790204HMCRRG07', 'RIGOBERTO PEREZ HERRERA                            ', '20EBD0048X', 'PROFESOR ASOCIADO B 5C INV', 1, NULL),
('PELA830630HOCRPL01', 'ALBERTO PEREZ LOPEZ ', '20EBD0004Z', 'PROFESOR ASOCIADO B 3B INV', 1, NULL),
('PELR790808HOCRPF01', 'RAFAEL PEREZ LOPEZ ', '20EBD0042C', 'PROFESOR ASOCIADO B 5C INV', 1, NULL),
('PEML781020MOCRRT08', 'LETICIA PEREZ MERINO ', '20EBD0024N', 'PROFESOR ASOCIADO B 5B INV', 1, NULL),
('PEMY780228HOCRYN09', 'YAN PEREZ MOYA ', '20EBD0003A', 'PROFESOR ASOCIADO B 5C INV', 1, NULL),
('PERT790610MOCRDR06', 'TRINIDAD PEREZ RODRIGUEZ', '20EBD0041D', 'PROFESOR ASOCIADO B INV ', 0, NULL),
('PETH760329HDFRRG02', 'HUGO PEREZ TURCIO ', '20EBD0011J', 'PROFESOR ASOCIADO B INV ', 1, NULL),
('PETR820101MOCRRC05', 'ROCIO PEREZ TORO', 'CSEIIOOFCRT', 'PROFESOR ASOCIADO OFCTRL', 1, NULL),
('PEVJ810503HOCRRS08', 'JOSU? SALVADOR P?REZ VARGAS', '20EBD0012I', 'PROFESOR ASOCIADO DIRECTOR', 1, NULL),
('PEZI870625MOCRRS02', 'ISRAELITA PEREZ ZARATE                        ', '20EBD0020R', 'PROFESOR ASOCIADO C TC', 1, NULL),
('PXDA871109MOCRNR00', 'ARACELY PEREZ DIONICIO  ', '20EBD0048X', 'PROFESOR ASOCIADO B INV', 1, NULL),
('QUGF870403HOCJRR08', ' FRANCISCO QUIJANO GRACIDA ', '20EBD0034U', 'PROFESOR ASOCIADO C TC  ', 1, NULL),
('QUHH700316HOCVRR06', 'HERIBERTO QUEVEDO HERNANDEZ                     ', '20EBD0019B', 'SECRETARIA(O)  DE PLANTEL 5NT', 0, NULL),
('QUMM750120HGTLRR02', 'J MARGARITO QUILLO MARTINEZ ', '20EBD0040E', 'PROFESOR ASOCIADO B 5B INV', 1, NULL),
('RACA850101HOCNLN06', 'JOSE ANGEL RANGEL CUELLAR ', '20EBD0036S', 'PROFESOR ASOCIADO B 3B INV', 1, NULL),
('RAGS830718HVZMMR07', 'SERGIO GARCIA GUMETA', 'UESA1612', 'PROFESOR ASOCIADO UESA', 1, NULL),
('RAHC820427MOCMRN05', 'CINTHIA RAMIREZ HERRERA                          ', '20EBD0028J', 'PROFESOR ASOCIADO B 5B INV', 1, NULL),
('RALM851220MMCMPG05', 'MARIA MAGDALENA RAMIREZ LOPEZ ', '20EBD0017D', 'PROFESOR ASOCIADO B 3B INV', 1, NULL),
('RAPV760109MVZMLC14', 'MARIA VICTORIA RAMIREZ PALMA                      ', '20EBD0014G', 'PROFESOR ASOCIADO B 5C INV', 1, NULL),
('RASC800705MOCMNN04', 'CANDELARIA RAMIREZ SANTIAGO                      ', '20EBD0026L', 'PROFESOR ASOCIADO B 5C INV', 1, NULL),
('RAXG710608HSLMXL09', 'GILDARDO RAM?REZ', '20EBD0040E', 'PROFESOR ASOCIADO DIRECTOR', 1, NULL),
('REBF771126MOCYTL00', 'FLORINDA REYES BAUTISTA                          ', '20EBD0016E', 'PROFESOR ASOCIADO B 5C INV', 0, NULL),
('REBJ790611HOCYLV09', 'JAVIER REYES BOLA?OS', '20EBD0023O', 'PROFESOR ASOCIADO DIRECTOR', 1, NULL),
('REHE880117HOCYRD07', 'EDUARDO REYES HERNANDEZ                       ', '20EBD0016E', 'SECRETARIA(O)  DE PLANTEL 5NT', 0, NULL),
('REHR760914HDFYRB08', 'ROBERTO REYES HERNANDEZ', '20EBD0001C', 'PROFESOR ASOCIADO DIRECTOR', 1, NULL),
('REJA900415HOCYML00', 'ALFREDO REYES JIMENEZ ', '20EBD0036S', 'PROFESOR ASOCIADO B 3B INV', 1, NULL),
('REME861118HOCYRL08', ' ELIHU AZAEL REYES MARTINEZ  ', '20EBD0017D', 'PROFESOR ASOCIADO B INV ', 1, NULL),
('RETH820223MOCYPM08', 'HUMBERTA MARIA REYES TAPIA ', '20EBD0009V', 'PROFESOR ASOCIADO B 5C INV', 1, NULL),
('RICV870903MOCVBN03', 'VANESSA RIVERA CABELLO ', '20EBD0007X', 'PROFESOR ASOCIADO B 3B INV', 1, NULL),
('RIPR791017HMCVXB03', 'RUBEN RIVERA PEÑA                                ', '20EBD0002B', 'PROFESOR ASOCIADO B 5B INV', 1, 'DESARROLLO COMUNITARIO'),
('RISU900914HOCSLD09', 'UDRIEL RIOS SOLEDAD ', '20EBD0040E', 'PROFESOR ASOCIADO C TC ', 0, NULL),
('RIXA810326MOCVXN06', 'ANGELA SOLEDAD RIVERA                             ', '20EBD0045Z', 'PROFESOR ASOCIADO B 5C1 INV', 1, NULL),
('ROCR780101HOCSBC09', 'RICARDO ROSADO CABRERA                           ', '20EBD0043B', 'PROFESOR ASOCIADO B 5C INV', 1, NULL),
('ROJA780821MOCDMR08', 'ARELI RODRIGUEZ JIMENEZ ', '20EBD0020R', 'PROFESOR ASOCIADO B PROM', 1, 'DESARROLLO COMUNITARIO'),
('ROJG960108HOCQRM00', ' GERONIMO ROQUE JIMENEZ  ', '20EBD0021Q', 'INTENDENTE DE PLANTEL ', 0, NULL),
('ROLJ860416HOCJPV04', 'JOSE JAVIER ROJAS LOPEZ ', '20EBD0024N', 'PROFESOR ASOCIADO B PROM ', 1, 'DESARROLLO COMUNITARIO'),
('ROLL850530MOCBPZ08', 'LIZBETH ROBLES LOPEZ                               ', '20EBD0035T', 'PROFESOR ASOCIADO B 5C INV', 1, NULL),
('ROMA630824MDFSRR04', 'ARACELI ROSAS MARTINEZ', '20EBD0033V', 'PROFESOR ASOCIADO B INV ', 0, NULL),
('RORG880701MOCMMB07', 'GABRIELA ROMERO ROMERO ', '20EBD0035T', 'PROFESOR ASOCIADO B 3A INV', 1, NULL),
('RUAA791225HOCZPD09', 'ADAEL RUIZ APARICIO ', '20EBD0005Z', 'PROFESOR ASOCIADO B 5C PROM', 1, 'DESARROLLO COMUNITARIO'),
('RUCJ921026HOCZHS06', 'JOSUE ALEJANDRO RUIZ CHIMAL', 'CSEIIOOFCRT', 'PROFESOR ASOCIADO OFCTRL', 1, NULL),
('RUCR870313HOCZRG01', 'ROGELIO RUIZ CARRIZOSA  ', '20EBD0022P', 'PROFESOR ASOCIADO B 5C INV', 1, NULL),
('RUGA510927HOCZRM07', 'AMADO RUIZ GARCIA                                  ', '20EBD0011J', 'PROFESOR ASOCIADO B 5C INV', 1, NULL),
('RUGF850718MOCZRB04', 'FABIOLA RUIZ GUERRA ', '20EBD0047Y', 'PROFESOR ASOCIADO B 5C INV', 1, NULL),
('RUMS950808HOCZRM00', ' SAMUEL RUIZ MERINO  ', '20EBD0036S', 'INTENDENTE DE PLANTEL ', 0, NULL),
('RURJ850411HOCZSM01', 'JAIME RUIZ RIOS ', '20EBD0030Y', 'PROFESOR ASOCIADO B 5C1 INV', 1, NULL),
('RURR871007MOCZYC04', 'ROCIO RUIZ REYES ', '20EBD0047Y', 'PROFESOR ASOCIADO B 5C INV', 0, NULL),
('RXBA860527HOCDLG04', 'AGUSTIN RODRIGUEZ BULFRANO ', '20EBD0043B', 'PROFESOR ASOCIADO B 3A INV', 0, NULL),
('SABM660414HOCLRN01', 'MANUEL NOE SALAZAR BARRAGAN', 'CSEIIOOFCRT', 'PROFESOR ASOCIADO OFCTRL', 1, NULL),
('SABN910529HOCNRS05', 'NESTOR SANCHEZ BARRAGAN ', '20EBD0030Y', 'SECRETARIA(O)  DE PLANTEL', 0, NULL),
('SACA870102MOCNBR08', 'ARELIS SANCHEZ CABALLERO                      ', '20EBD0015F', 'SECRETARIA(O)  DE PLANTEL 5NT', 0, NULL),
('SACA891130MOCNSN01', 'ANAHIS SANTIAGO CASTILLEJOS', '20EBD0004Z', 'PROFESOR ASOCIADO B INV ', 0, NULL),
('SACI851119MOCNRR01', 'IRAIS SANCHEZ CRUZ ', '20EBD0007X', 'PROFESOR ASOCIADO B 5C INV', 1, NULL),
('SACJ750310MOCNRS08', 'JOSEFINA SANTOS CARRAZCO ', '20EBD0037R', 'PROFESOR ASOCIADO B INV ', 1, NULL),
('SACP910911HOCNSL02', 'PAUL ROMARIO SANTIAGO CASTILLEJOS', '20EBD0019B', 'PROFESOR ASOCIADO DIRECTOR', 1, NULL),
('SACR781216MDFNRS05', 'MARIA DEL ROSARIO SANTOS CORTES ', '20EBD0035T', 'PROFESOR ASOCIADO B 5C1 INV', 1, 'DESARROLLO COMUNITARIO'),
('SADL820218MOCNZC05', 'LUCIA SANTIAGO DIAZ ', '20EBD0005Z', 'PROFESOR ASOCIADO C TC', 1, NULL),
('SAGA740802MOCNLN13', 'MARIA ANGELA SANCHEZ GALINDO ', '20EBD0018C', 'INTENDENTE DE PLANTEL', 0, NULL),
('SAGA761101HDFNML01', 'ALFREDO SANTOS SANCHEZ GOMEZ               ', '20EBD0046Z', 'PROFESOR ASOCIADO B 5C INV', 1, NULL),
('SAGB821110HDFNRL09', 'BALDEMAR RAMIRO SANTIAGO GARCIA                   ', '20EBD0018C', 'PROFESOR ASOCIADO B 5C1 INV', 1, NULL),
('SAGJ801017HOCNZS01', 'JUSTO SANCHEZ GUZMAN                          ', '20EBD0011J', 'PROFESOR ASOCIADO B 5C INV', 1, NULL),
('SAHI790214HOCNRS06', 'ISRAEL SANCHEZ HERNANDEZ                         ', '20EBD0027K', 'PROFESOR ASOCIADO B 5C PROM', 1, 'DESARROLLO COMUNITARIO'),
('SAHR720322HOCNRB08', 'ROBERTO SANCHEZ HERNANDEZ                         ', '20EBD0042C', 'PROFESOR ASOCIADO B 5C1 INV', 1, NULL),
('SAJE840101HOCNMD05', 'EDER  SANCHEZ JIMENEZ ', '20EBD0031X', 'PROFESOR ASOCIADO B INV ', 1, NULL),
('SAJM850301HOCNRG07', 'MIGUEL SALMORAN SANCHEZ JUAREZ', '20EBD0021Q', 'PROFESOR ASOCIADO B INV ', 1, NULL),
('SAJR741014HOCNRL03', 'ROLANDO SANCHEZ JUAREZ                         ', '20EBD0014G', 'INTENDENTE DE PLANTEL 5NT', 0, NULL),
('SALA870716MOCNRB05', 'ABELINA SANCHEZ LORENZO                       ', '20EBD0013H', 'SECRETARIA(O)  DE PLANTEL 5NT', 0, NULL),
('SALJ841118MOCNPQ05', 'JAQUELINE SANCHEZ LOPEZ ', '20EBD0034U', 'PROFESOR ASOCIADO B 5C INV', 1, NULL),
('SALM771015HOCNSG04', 'MIGUEL ?NGEL SANTIAGO LUIS', '20EBD0033V', 'PROFESOR ASOCIADO DIRECTOR', 0, NULL),
('SALY880820MOCNPS04', 'YESENIA SANTIAGO LOPEZ ', '20EBD0024N', 'PROFESOR ASOCIADO C TC', 1, NULL),
('SAMA741214MDFLNN03', 'ANA LAURA SALVADOR MANUEL', '20EBD0030Y', 'PROFESOR ASOCIADO DIRECTOR', 1, NULL),
('SAMA781128HOCLRL06', 'ALEJANDRO SALGADO MARTINEZ ', '20EBD0001C', 'PROFESOR ASOCIADO B 5C PROM', 1, 'DESARROLLO COMUNITARIO'),
('SAMC790202HOCLRN02', 'CANDIDO SALINAS MARTINEZ                          ', '20EBD0009V', 'PROFESOR ASOCIADO B 5C PROM', 1, 'DESARROLLO COMUNITARIO');
INSERT INTO `empleados` (`curp`, `nombre`, `bic`, `categoria`, `registrado`, `academia`) VALUES
('SAMJ720308HOCNRN03', 'JUAN JOSE SANTIAGO MARTINEZ                      ', '20EBD0023O', 'PROFESOR ASOCIADO B 5NT PROM', 1, 'DESARROLLO COMUNITARIO'),
('SAMR830125MOCNRS02', 'MARIA DEL ROSARIO SANTOS MARTINEZ', 'CSEIIOOFCRT', 'PROFESOR ASOCIADO OFCTRL', 1, NULL),
('SANR660319HOCNXC04', 'JOSE RICARDO SANCHEZ NU?EZ ', '20EBD0006Y', 'PROFESOR ASOCIADO B 5NT INV', 1, NULL),
('SARC900327HOCNMR08', 'CORNELIO SANCHEZ REMIGIO ', '20EBD0014G', 'SECRETARIA(O)  DE PLANTEL', 0, NULL),
('SARM590513HOCRDR02', 'MART?N SARAVIA RODR?GUEZ', '20EBD0025M', 'PROFESOR ASOCIADO DIRECTOR', 1, NULL),
('SASE871219HOCNNP08', ' EPIFANIO SANTIAGO SANTOS ', '20EBD0048X', 'PROFESOR ASOCIADO C TC ', 1, NULL),
('SATJ760125HOCNRV05', 'JUVENTINO ENRIQUE  SANTIAGO TRUJILLO               ', '20EBD0011J', 'PROFESOR ASOCIADO B 5C INV', 1, NULL),
('SECA780901HOCBRR04', 'ARTURO SEBASTIAN CORONEL                         ', '20EBD0022P', 'PROFESOR ASOCIADO B 5C INV', 1, 'DESARROLLO COMUNITARIO'),
('SEPP830213HMCGRR06', 'PRUDENCIO OTHON SEGUISMUNDO PEREZ                ', '20EBD0007X', 'INTENDENTE DE PLANTEL 5NT', 0, NULL),
('SEPV790530HOCRRC03', 'VICTOR MANUEL SERNA PORRAS                     ', '20EBD0047Y', 'PROFESOR ASOCIADO B 5C INV', 1, NULL),
('SOAR870912HOCSQM01', 'RAMIRO SOSA AQUINO ', '20EBD0013H', 'PROFESOR ASOCIADO B INV ', 1, NULL),
('SOJL740118HOCLRV05', 'LEOVARDO VIDAL SOLANO JARQUIN ', '20EBD0029I', 'CHOFER 5NT', 0, NULL),
('SOMM790605MOCLRT05', 'MATEA SOLIS MORALES                               ', '20EBD0026L', 'PROFESOR ASOCIADO B 5C PROM', 0, 'DESARROLLO COMUNITARIO'),
('SOZC790418HOCSBS07', 'CASTO SOSA ZABALETA                               ', '20EBD0026L', 'PROFESOR ASOCIADO B 5C INV', 1, NULL),
('SULS891231MOCRPN02', 'SANDRA LUZ SUAREZ LOPEZ', '20EBD0004Z', 'PROFESOR ASOCIADO B INV ', 1, ''),
('SURB730331HOCCML05', 'BALBINO SCHUTLZ RAMIREZ                          ', '20EBD0015F', 'PROFESOR ASOCIADO B 5C INV', 1, 'DESARROLLO COMUNITARIO'),
('TOGL751224MOCRMD01', 'LUDIBINA TORRES GOMEZ ', '20EBD0029I', 'PROFESOR ASOCIADO B 5C INV', 1, NULL),
('TOHN781203MOCRRR06', 'NORMA TORREZ HERNANDEZ ', '20EBD0001C', 'PROFESOR ASOCIADO B 5C1 INV', 1, NULL),
('TOHR770521HOCRRD14', 'RODRIGO TORREZ HERNANDEZ ', '20EBD0044A', 'PROFESOR ASOCIADO B 5C INV', 1, NULL),
('TOMJ760909HOCLNL09', 'JOEL TOLEDO MONTERO', '20EBD0032W', 'PROFESOR ASOCIADO DIRECTOR', 1, NULL),
('TOOI800805HOCRSS12', 'ISAURO OTH?N TORRES OSORIO', '20EBD0026L', 'PROFESOR ASOCIADO DIRECTOR', 1, NULL),
('TORE851106MOCLML04', ' ELIZABETH TOLEDO RAMIREZ ', '20EBD0013H', 'PROFESOR ASOCIADO B INV ', 1, NULL),
('TORJ810823HOCRMN02', 'JUAN ANGEL TORRES RAMIREZ ', '20EBD0025M', 'PROFESOR ASOCIADO B 3B INV', 1, NULL),
('TOSS811021HOCLNM04', 'SAMUEL TOLEDO SANCHEZ ', '20EBD0032W', 'PROFESOR ASOCIADO B 5C INV', 1, NULL),
('TULJ810615HOCRPN00', 'JUAN CARLOS TRUJILLO LOPEZ ', '20EBD0038Q', 'PROFESOR ASOCIADO B INV ', 1, NULL),
('VAAA800107MGRRGD09', 'AIDE VARGAS AGUSTIANO                        ', '20EBD0024N', 'PROFESOR ASOCIADO B 5C INV', 1, NULL),
('VAAE820903MOCLCR00', ' ERENDIDA VALDEZ ACEVEDO ', '20EBD0003A', 'PROFESOR ASOCIADO B INV ', 1, NULL),
('VAFA800519MOCSRD07', 'AIDA VASQUEZ FRANCISCO                        ', '20EBD0016E', 'PROFESOR ASOCIADO B 5C INV', 1, NULL),
('VAGA720506HOCRBB05', 'ABEL VARGAS GABINO ', '20EBD0002B', 'PROFESOR ASOCIADO C TC ', 1, NULL),
('VAHG871016HOCSRR09', 'GERARDO VASQUEZ HERNANDEZ ', '20EBD0009V', 'PROFESOR ASOCIADO B 3B INV', 1, NULL),
('VAJG850528MOCZMB02', 'GABRIELA VAZQUEZ JIMENEZ ', '20EBD0024N', 'PROFESOR ASOCIADO B 3B INV', 1, NULL),
('VALE891205HOCLPL05', 'ELIAS VALDIVIESO LOPEZ ', '20EBD0003A', 'PROFESOR ASOCIADO B PROM ', 1, NULL),
('VALM751004MOCSPR01', 'MARIA VASQUEZ LOPEZ ', '20EBD0007X', 'PROFESOR ASOCIADO B 5C INV', 1, NULL),
('VALT861115HOCSPM02', 'TOMAS EUGENIO VASQUEZ LOPEZ ', '20EBD0017D', 'PROFESOR ASOCIADO B 3A INV', 1, NULL),
('VAME841125HOCZRR01', 'ERMILO ERMI?O VAZQUEZ MARTINEZ ', '20EBD0017D', 'INTENDENTE DE PLANTEL', 0, NULL),
('VAMF640604HOCRLR08', 'FRANCISCO VARGAS MALDONADO ', '20EBD0006Y', 'PROFESOR ASOCIADO B 5B INV', 1, NULL),
('VAMW781012HOCSRL02', 'WILFRIDO VASQUEZ MARTINEZ ', '20EBD0025M', 'PROFESOR ASOCIADO B 5C PROM', 1, 'DESARROLLO COMUNITARIO'),
('VAPL821213MOCLLL09', 'LILIANA MARITZA VALERIANO PAULINO ', '20EBD0006Y', 'PROFESOR ASOCIADO B 5C INV', 1, NULL),
('VARB850327HOCZMR03', 'BERNARDO V?ZQUEZ RAM?REZ', '20EBD0031X', 'PROFESOR ASOCIADO DIRECTOR', 1, NULL),
('VASG760813HOCRNR18', 'GERMIO VARGAS SANTIAGO ', '20EBD0013H', 'PROFESOR ASOCIADO B 5C PROM', 0, 'DESARROLLO COMUNITARIO'),
('VASV850218MOCLNL06', 'VIOLETA VALENCIA DE LOS SANTOS', '20EBD0021Q', 'PROFESOR ASOCIADO DIRECTOR', 1, NULL),
('VEAL760601MOCLNZ02', 'LIZBETH VELAZQUEZ ANTONIO                  ', '20EBD0027K', 'PROFESOR ASOCIADO B 5C INV', 1, NULL),
('VECE870522MDFNRL01', ' ELSA VENTURA CRISTOBAL  ', '20EBD0016E', 'PROFESOR ASOCIADO B INV ', 1, NULL),
('VECJ930730HOCLRV01', 'JAVIER VELAZQUEZ CARRERA ', '20EBD0006Y', 'PROFESOR ASOCIADO B INV ', 1, NULL),
('VEGP780207HOCLRD04', 'PEDRO VELASCO GARCIA', '20EBD0007X', 'PROFESOR ASOCIADO DIRECTOR', 1, NULL),
('VEJN860929MOCNRR03', 'NORA ANGELA VENEGAS JUAREZ ', '20EBD0008W', 'PROFESOR ASOCIADO B 5C PROM', 1, 'DESARROLLO COMUNITARIO'),
('VELL860530MOCLST06', 'LETICIA VELASCO LUIS ', '20EBD0034U', 'PROFESOR ASOCIADO B 5C INV', 1, NULL),
('VEOS861030HOCLJR01', 'SERGIO VELASQUEZ OJEDA ', '20EBD0013H', 'PROFESOR ASOCIADO B INV ', 1, NULL),
('VIAA900408MOCDRD07', 'AIDE VIDAL ARELLANO ', '20EBD0028J', 'SECRETARIA(O)  DE PLANTEL 5NT', 0, NULL),
('VICH860729HOCCRM02', 'HUMBERTO VICENTE DE LA CRUZ', '20EBD0048X', 'PROFESOR ASOCIADO DIRECTOR', 1, NULL),
('VIGD830509HOCLTV06', 'DEIVIS VILLA GUTIERREZ                       ', '20EBD0038Q', 'PROFESOR ASOCIADO B 5C INV', 0, NULL),
('VIPB811228HOCCDR07', 'BARTOLO VICENTE PEDRO                             ', '20EBD0043B', 'PROFESOR ASOCIADO B 5C INV', 1, NULL),
('VIPY840311MOCLRN02', 'YANELY VILLEGAS PEREZ ', '20EBD0029I', 'PROFESOR ASOCIADO B 5C PROM', 1, 'DESARROLLO COMUNITARIO'),
('VISA890613HOCLNN03', 'ANTONIO VILLALOBOS SANCHEZ ', '20EBD0043B', 'PROFESOR ASOCIADO B INV ', 1, NULL),
('VITJ771201HOCCRS09', 'JESUS VICENTE TORRES                         ', '20EBD0015F', 'PROFESOR ASOCIADO B 5C INV', 1, NULL),
('YASG820131MPLXND03', 'GUADALUPE YA?EZ SANCHEZ ', '20EBD0021Q', 'PROFESOR ASOCIADO B 3B INV', 1, NULL),
('YEAE861028MOCSRL05', 'ELVIA YESCAS ARREOLA ', '20EBD0009V', 'PROFESOR ASOCIADO B 3B INV', 1, NULL),
('YEPJ771104HOCSRN04', 'JUAN EDGAR YESCAS PEREZ ', '20EBD0005Z', 'INTENDENTE DE PLANTEL 5NT', 0, NULL),
('ZAIS861216MOCRNN07', 'SANDRA LUZ ZARATE INCLAN ', '20EBD0038Q', 'PROFESOR ASOCIADO B PROM', 1, 'DESARROLLO COMUNITARIO'),
('ZALB661105HOCRPR00', 'BARNEY ZARATE LOPEZ ', '20EBD0004Z', 'INTENDENTE DE PLANTEL 5NT', 0, NULL),
('ZARS780523MOCRBN09', 'SANDRA ZARATE ROBLES                            ', '20EBD0008W', 'PROFESOR ASOCIADO B 5C INV', 1, NULL),
('ZAVE870831HOCRSR07', 'ERIC ZARATE VASQUEZ ', '20EBD0004Z', 'SECRETARIA(O)  DE PLANTEL 5NT', 0, NULL),
('ZEHJ800516HOCPZN00', 'JUAN ZEPEDA DE LA HOZ                        ', '20EBD0023O', 'INTENDENTE DE PLANTEL 5NT', 0, NULL);

-- --------------------------------------------------------

--
-- Estructura de tabla para la tabla `ficha_registro`
--

CREATE TABLE `ficha_registro` (
  `id_registro` int(11) NOT NULL,
  `curp` varchar(100) NOT NULL,
  `nombre` varchar(100) NOT NULL,
  `telefono` varchar(100) NOT NULL,
  `email` varchar(100) NOT NULL,
  `bic` varchar(100) NOT NULL,
  `idioma` varchar(100) NOT NULL,
  `automovil` varchar(5) NOT NULL COMMENT 'SI o NO',
  `password` varchar(100) NOT NULL,
  `opcion1` varchar(100) DEFAULT NULL,
  `opcion2` varchar(100) DEFAULT NULL,
  `opcion3` varchar(100) DEFAULT NULL,
  `opcion4` varchar(100) DEFAULT NULL,
  `opcion5` varchar(100) DEFAULT NULL,
  `opcion6` varchar(100) DEFAULT NULL,
  `comentario` text NOT NULL
) ENGINE=InnoDB DEFAULT CHARSET=latin1 COMMENT='Tabla que almacena la ficha de registro de los asesores, con';

--
-- Volcado de datos para la tabla `ficha_registro`
--

INSERT INTO `ficha_registro` (`id_registro`, `curp`, `nombre`, `telefono`, `email`, `bic`, `idioma`, `automovil`, `password`, `opcion1`, `opcion2`, `opcion3`, `opcion4`, `opcion5`, `opcion6`, `comentario`) VALUES
(1, 'SAJE840101HOCNMD05', 'EDER  SANCHEZ JIMENEZ', '9711316446', 'eder_sj@hotmail.com', '20EBD0031X', 'Español, Zapoteco', 'no', 'saje840101', 'Reforma Educativa', NULL, 'Actualización de tu área', 'Diseño de estrategias didáctivas', NULL, 'Desarrollar competencias docentes', 'Este congreso es interesante...'),
(2, 'MEGM780706MOCNJL00', 'MELINA MENDEZ GIJON', '9511004020', 'melynamendez@hotmail.com', '20EBD0016E', 'MEGM780706', 'si', '7807', NULL, NULL, NULL, NULL, 'Evaluar aprendizaje', NULL, 'Me esmeraré en que mi participación sea con la mejor actitud'),
(3, 'IAXM760729MOCNXR00', 'MARTHA INCLAN', '9511022208', 'marthainclan@hotmail.com', '20EBD0018C', 'Español', 'no', 'shunkyta0729', NULL, 'Modelo Educativo Modular', NULL, NULL, NULL, NULL, ''),
(4, 'OIMM780928HOCLNR05', 'MARCELINO OLIVERA MENDEZ', '9512315318', 'oliveramm78@hotmail.com', '20EBD0019B', '', 'no', 'wyvern78', NULL, NULL, NULL, 'Diseño de estrategias didáctivas', 'Evaluar aprendizaje', NULL, ''),
(5, 'MAMD800328HOCRRL02', 'DELFINO MARIN MARTINEZ', '2381874611', 'del_fis_17@hotmail.com', '20EBD0031X', 'Mazateco', 'no', 'mino7', NULL, 'Modelo Educativo Modular', NULL, 'Diseño de estrategias didáctivas', NULL, NULL, 'QUE EL CONGRESO SEA DE GRAN APOYO PARA MEJORAR NUESTRA PRÁCTICA EDUCATIVA.'),
(6, 'AEPS830422MPLSCN02', 'SENORINA ASCENCION PACHECO', '2381334046', 'sen_883@hotmail.com', '20EBD0019B', 'Náhualt', 'no', 'lina8', NULL, 'Modelo Educativo Modular', NULL, 'Diseño de estrategias didáctivas', NULL, NULL, 'QUE EL CURSO ME PROPORCIONE LAS HERRAMIENTAS NECESARIAS PARA MEJORAR MI PRÁCTICA DOCENTE.'),
(7, 'CXCO840701HOCBRS02', 'OSCAR CABRERA CARRERA', '951 323 72 30', 'c.oscar01@hotmail.com', '20EBD0033V', 'Mazateco', 'no', 'invisible84', NULL, NULL, NULL, NULL, 'Evaluar aprendizaje', NULL, ''),
(8, 'Pege900519mocrrm05', 'EMMA PEREZ GARCIA', '2751006461', 'crazem319_garci@hotmail.com', '20EBD0007X', 'Español y mixteco', 'no', '1990', NULL, 'Modelo Educativo Modular', NULL, 'Diseño de estrategias didáctivas', 'Evaluar aprendizaje', NULL, 'Espero obtener herramientas que vayan mejorando mi desempeño docente. Y que haya continuidad en los cursos para nosotros.'),
(9, 'AIAM910926MOCVVR07', 'MARIBEL AVILA AVILA', '9531318904', 'avila_mary@hotmail.com', '20EBD0031X', 'español, mixteco', 'no', 'avila1991', NULL, NULL, 'Actualización de tu área', NULL, NULL, NULL, ''),
(10, 'BOJE850401MOCLLL08', 'ELDA BOLAÑOS JULIAN', '9511896827', 'ELDABJ_01@HOTMAIL.COM', '20EBD0036S', 'NINGUNO', 'no', 'ORUGAS100', NULL, NULL, NULL, NULL, 'Evaluar aprendizaje', NULL, ''),
(11, 'MOLD800907MOCNPN03', 'DONAJI SOLEDAD MONROY LOPEZ', '9513033197', 'iqmonroy@gmail.com', '20EBD0048X', 'español', 'no', 'miguel2811', NULL, 'Modelo Educativo Modular', NULL, NULL, NULL, NULL, 'Espero que cumpla con los objetivos de las unidades de contenido a impartir y adquiera y/o reafirme conocimientos en el área de docencia'),
(12, 'AERO730416MVZCNF01', 'OFELIA ACEVEDO RENTERAL', '9511779081', 'acevedo1521@hotmail.com', '20EBD0016E', 'ESPAÑOL', 'no', '7807', NULL, NULL, NULL, NULL, 'Evaluar aprendizaje', NULL, 'ESPERO ME SIRVA PARA MEJORAR EL PROCESO DE EVALUACIÓN'),
(13, 'SAGA761101HDFNML01', 'ALFREDO SANTOS SANCHEZ GOMEZ', '9512548481', 'cocucoatl@hotmail.com', '20EBD0046Z', 'AERO730416MVZCNF01', 'no', '7807', NULL, NULL, NULL, NULL, 'Evaluar aprendizaje', NULL, 'Espero que me sirva para mejorar mi practica docente'),
(14, 'PACF780305HOCLRR01', 'FERNANDO PALACIOS CARRERA', '2381332815', 'fher_0078@hotmail.com', '20EBD0019B', '', 'no', '20_ebd0019b', NULL, NULL, 'Actualización de tu área', NULL, 'Evaluar aprendizaje', NULL, ''),
(15, 'DIGA890128HOCZRR03', 'AURELIO DIAZ GARCIA', '9711135843', 'yeyo_elgatadiaz@hotmail.com', 'CSEIIOOFCRT', 'SAGA761101HDFNML01', 'no', '7807', NULL, NULL, NULL, 'Diseño de estrategias didáctivas', NULL, NULL, 'Espero mejorar mi práctica docente'),
(16, 'GOZK870924MOCNMR03', 'KARLA LETICIA GONZALEZ ZAMORA', '0449515695845', 'bsbk24@hotmail.com', '20EBD0034U', '', 'no', 'ladespistada', NULL, NULL, 'Actualización de tu área', 'Diseño de estrategias didáctivas', 'Evaluar aprendizaje', NULL, 'Me parece interesante la nueva forma en la cual se va a llevar a cabo el curso de actualización porque se abarcaran varios temas interesantes en la semana tanto en el área de conocimientos como en la practica docente.'),
(17, 'PETH760329HDFRRG02', 'HUGO PEREZ TURCIO', '2381321369', 'hpturcio@gmail.com', '20EBD0011J', 'Español', 'no', 'Piedra2017', NULL, 'Modelo Educativo Modular', 'Actualización de tu área', NULL, NULL, NULL, 'Disponibilidad para compartir experiencias y reforzamiento de mi labor docente.'),
(18, 'AATG880129MSLLNL07', 'GLADIS ALCAZAR TONCHEZ', '9711424222', 'psi_b2@hotmail.com', 'CSEIIOOFCRT', 'ESPAÑOL', 'no', '7807', NULL, NULL, NULL, 'Diseño de estrategias didáctivas', NULL, NULL, 'espero me sirva para mejorar'),
(19, 'BAGM841113MOCRZR01', 'MARIBEL BARRIOS GUZMAN', '9531433945', 'mari-ciel@hotmail.com', '20EBD0048X', 'español', 'no', 'bg1384', 'Reforma Educativa', 'Modelo Educativo Modular', 'Actualización de tu área', 'Diseño de estrategias didáctivas', 'Evaluar aprendizaje', 'Desarrollar competencias docentes', ''),
(20, 'MADC791112MOCRZR09', 'CAROLINA MARTINEZ DIAZ', '9513128425', 'carol2003121@hotmail.com', '20EBD0016E', 'Mixe', 'no', '1204', NULL, NULL, 'Actualización de tu área', 'Diseño de estrategias didáctivas', 'Evaluar aprendizaje', NULL, 'Estoy muy interesada en el curso  y se me hace interesante la propuesta.'),
(21, 'AAMF841223MOCNNB05', 'FABIANA ANASTASIO MENDEZ', '2741035854', 'nhis_2003@hotmail.com', '20EBD0034U', 'zapoteco', 'no', 'AL01', NULL, NULL, NULL, 'Diseño de estrategias didáctivas', NULL, NULL, 'agradecer por la oportunidad de cursar los talleres, ya que serán de mucho apoyo, para mi formación como docente.'),
(22, 'AAMF841223MOCNNB05', 'FABIANA ANASTASIO MENDEZ', '2741035854', 'nhis_2003@hotmail.com', '20EBD0034U', 'zapoteco', 'no', 'AL01', NULL, NULL, NULL, 'Diseño de estrategias didáctivas', NULL, NULL, 'agradecer por la oportunidad de cursar los talleres, ya que serán de mucho apoyo, para mi formación como docente.'),
(23, 'CAMJ810527MOCRRN00', 'JANET CARRERA MARTINEZ', '2381621159', 'niupi15@hotmail.com', '20EBD0011J', 'español', 'no', '2870', NULL, NULL, NULL, 'Diseño de estrategias didáctivas', 'Evaluar aprendizaje', 'Desarrollar competencias docentes', 'Excelente ganas de asistir'),
(24, 'VALE891205HOCLPL05', 'ELIAS VALDIVIESO LOPEZ', '9681188109', 'elias_valdivieso_lopez_89@hotmail.com', '20EBD0003A', 'español, zapoteco', 'no', '1205', 'Reforma Educativa', 'Modelo Educativo Modular', 'Actualización de tu área', 'Diseño de estrategias didáctivas', 'Evaluar aprendizaje', 'Desarrollar competencias docentes', ''),
(25, 'BAGM741008MOCRZR01', 'MARTHA BARRIOS GUZMAN', '9511130951', 'marbarguz_741008@hotmail.com', '20EBD0035T', 'Español', 'no', 'loba', NULL, NULL, NULL, NULL, NULL, 'Desarrollar competencias docentes', 'Tengo muchas expectativas'),
(26, 'LOMR821129HOCPRG00', 'RIGOBERTO LOPEZ MARTINEZ', '9511474643', 'rigo-oax-chap@hotmail.com', '20EBD0021Q', 'Español y Zapoteco', 'no', 'rigo', 'Reforma Educativa', NULL, NULL, 'Diseño de estrategias didáctivas', 'Evaluar aprendizaje', 'Desarrollar competencias docentes', 'Espero que sea provechoso y que permita una buena actualización en conocimientos para poner en practica dentro de las aulas.'),
(27, 'REJA900415HOCYML00', 'ALFREDO REYES JIMENEZ', '9515075888', 'alfredo_reji@hotmail.com', '20EBD0036S', 'Español,inglés', 'si', 'alfredito714', 'Reforma Educativa', NULL, 'Actualización de tu área', NULL, NULL, 'Desarrollar competencias docentes', ''),
(28, 'AOJE820821MOCNRD07', 'EDITH ANTONIO JUAREZ', '951 1260690', 'nahomi0803@hotmail.com', '20EBD0035T', 'AOJE820821', 'no', 'ZVk5J7av', NULL, NULL, 'Actualización de tu área', 'Diseño de estrategias didáctivas', 'Evaluar aprendizaje', NULL, ''),
(29, 'DORG810410MOCLBD03', 'GUADALUPE DOLORES ROBLES', '9717178447', 'lupitadr@live.com.mx', '20EBD0004Z', 'Español', 'no', '1611', NULL, NULL, 'Actualización de tu área', 'Diseño de estrategias didáctivas', NULL, NULL, ''),
(30, 'GAGJ880723HOCRLV08', 'JAVIER GARCIA GALLARDO', '9514393645', 'profanador602@hotmail.com', '20EBD0002B', 'Español', 'no', '300espartanos', 'Reforma Educativa', 'Modelo Educativo Modular', 'Actualización de tu área', 'Diseño de estrategias didáctivas', 'Evaluar aprendizaje', 'Desarrollar competencias docentes', 'Esperando que no sea el primero, si no el inicio de muchos más.'),
(31, 'SULS891231MOCRPN02', 'SANDRA LUZ SUAREZ LOPEZ', '9711180637', 'sandra-311289@hotmail.com', '20EBD0004Z', 'Español', 'no', 'sandra27', NULL, NULL, NULL, 'Diseño de estrategias didáctivas', NULL, 'Desarrollar competencias docentes', ''),
(32, 'GOVI840405HOCMRL04', 'ILDEFONSO YETZEYAL GOMEZ VARGAS', '9512585259', 'yetzeyal@hotmail.com', '20EBD0002B', 'zapoteco, español', 'si', 'pueblonuevo008', 'Reforma Educativa', 'Modelo Educativo Modular', 'Actualización de tu área', 'Diseño de estrategias didáctivas', 'Evaluar aprendizaje', 'Desarrollar competencias docentes', ''),
(33, 'GEPA831224MOCRRD03', 'ADELA MANUELA GERARDO PRISCILIANO', '2361074054', 'adela_gerardo@hotmail.com', '20EBD0030Y', 'Español', 'no', 'gael', NULL, NULL, 'Actualización de tu área', NULL, NULL, NULL, 'Estrategias de enseñanza aprendizaje'),
(34, 'LOME811223MOCPNL01', 'MARIA ELENA LOPEZ MENDOZA', '9515576671', 'mel-cars@hotmail.com', '20EBD0041D', 'Zoque, Español', 'si', 'perlita2', 'Reforma Educativa', NULL, 'Actualización de tu área', NULL, NULL, NULL, ''),
(35, 'SAGB821110HDFNRL09', 'BALDEMAR RAMIRO SANTIAGO GARCIA', '9511923584', 'ingsiscomb@gmail.com', '20EBD0018C', 'Español', 'si', 'aixa3103', NULL, 'Modelo Educativo Modular', 'Actualización de tu área', NULL, 'Evaluar aprendizaje', NULL, 'con mucha expectativa de este congreso'),
(36, 'LUHI800408HOCSRR01', 'IRINEO LUIS HERNANDEZ', '9941039968', 'chimalapa80@hotmail.com', '20EBD0004Z', 'español', 'no', 'irineo27', NULL, NULL, NULL, 'Diseño de estrategias didáctivas', 'Evaluar aprendizaje', NULL, ''),
(37, 'Vahg871016hocsrr09', 'GERARDO VASQUEZ HERNANDEZ', '9511032686', 'linkinger@gmail.com', '20EBD0009V', 'VAHG871016', 'si', 'Na6208Ge', NULL, 'Modelo Educativo Modular', 'Actualización de tu área', NULL, NULL, NULL, ''),
(38, 'GULV821020MOCZZR08', 'VERENICE GUZMAN LEZAMA', '9515275104', 'vereniceg91@gmail.com', '20EBD0031X', 'español', 'no', 'Vere', NULL, NULL, 'Actualización de tu área', NULL, NULL, NULL, ''),
(39, 'PAZM871027HOCZFG07', 'MIGUEL PAZOS ZEFERINO', '9512038178', 'migue_pazos87@hotmail.com', '20EBD0030Y', 'Español, Zapoteco(variante de la sierra)', 'si', 'didi02', NULL, NULL, NULL, 'Diseño de estrategias didáctivas', 'Evaluar aprendizaje', NULL, ''),
(40, 'MEOO781012MVZNRT06', 'OTILA LIZETTE MENDEZ ORDO?EZ', '9512543689', 'lisme04@hotmail.com', '20EBD0047Y', 'español', 'no', 'Dieliz04', NULL, 'Modelo Educativo Modular', 'Actualización de tu área', 'Diseño de estrategias didáctivas', 'Evaluar aprendizaje', NULL, ''),
(41, 'Guhf900507moctrr05', 'FRANCELI GUTIERREZ HERNANDEZ', '9512517248', 'francesita_amor@hotmail.com', '20EBD0031X', 'Español', 'no', 'Fran', NULL, NULL, 'Actualización de tu área', NULL, NULL, NULL, ''),
(42, 'EEHJ781225MVZSRS02', 'MARIA DE JESUS ESPERILLA HERNANDEZ', '9511490705', 'marichuyesperilla@hotmail.com', '20EBD0030Y', 'Español', 'no', 'nuchita012017', NULL, NULL, NULL, 'Diseño de estrategias didáctivas', NULL, NULL, 'En cuanto a la acreditaciòn de los talleres, ¿cual serà el valor curricular de estos y por que instituciòn estarà avalado?'),
(43, 'LUFR690108HOCSSG09', 'RIGOBERTO LUIS FAUSTINO', '9512403611', 'luisfr_lit@hotmail.com', '20EBD0041D', 'español', 'si', 'ABID', NULL, NULL, 'Actualización de tu área', 'Diseño de estrategias didáctivas', NULL, 'Desarrollar competencias docentes', 'CONOCER LAS ESTRATEGIAS INNOVADORAS PARA EL MODELO INDIGENA'),
(44, 'VAAE820903MOCLCR00', 'ERENDIDA VALDEZ ACEVEDO', '2871138683', 'keyra2601@hotmail.com', '20EBD0003A', 'español', 'no', 'illanu2601', 'Reforma Educativa', NULL, NULL, 'Diseño de estrategias didáctivas', 'Evaluar aprendizaje', 'Desarrollar competencias docentes', 'Espero obtener mas conocimientos sobres la estrategias de enseñanza-aprendizaje'),
(45, 'CAVS740722HOCSDL09', 'SAUL CASTILLO VIDAL', '9711424106', 'tanguyuu1974@hotmail.com', '20EBD0004Z', 'zapoteco, español', 'no', '2012gubidxa', NULL, NULL, 'Actualización de tu área', 'Diseño de estrategias didáctivas', 'Evaluar aprendizaje', 'Desarrollar competencias docentes', ''),
(46, 'RALM851220MMCMPG05', 'MARIA MAGDALENA RAMIREZ LOPEZ', '9512888570', 'magdalenarmz85@gmail.com', '20EBD0017D', 'Español', 'no', 'magda1985', NULL, NULL, 'Actualización de tu área', NULL, NULL, NULL, 'Se esperan eficacia del mismo'),
(47, 'Sagj801017hocnzs01', 'JUSTO SANCHEZ GUZMAN', '9511795084', 'sanchezgjoax@hotmail.com', '20EBD0011J', 'Español mexicano', 'no', 'espunky', NULL, 'Modelo Educativo Modular', NULL, NULL, 'Evaluar aprendizaje', 'Desarrollar competencias docentes', 'Sorprendanme'),
(48, 'MEPM890407MOCRBR03', 'MARTHA MERINO PABLO', '9511237350', 'mar_07_4@hotmail.com', '20EBD0017D', '', 'no', '48464846*', 'Reforma Educativa', 'Modelo Educativo Modular', 'Actualización de tu área', 'Diseño de estrategias didáctivas', NULL, 'Desarrollar competencias docentes', ''),
(49, 'MEPM890407MOCRBR03', 'MARTHA MERINO PABLO', '9511237350', 'mar_07_4@hotmail.com', '20EBD0017D', '', 'no', '48464846*', 'Reforma Educativa', 'Modelo Educativo Modular', 'Actualización de tu área', 'Diseño de estrategias didáctivas', NULL, 'Desarrollar competencias docentes', ''),
(50, 'FOES900227MOCLSN02', 'SANDY FLORES ESTEVA', '9513025718', 'luna_azul_flores@hotmail.com', '20EBD0009V', 'Zapoteco', 'no', 'sandy', NULL, NULL, 'Actualización de tu área', NULL, NULL, NULL, 'Suena interesante por los talleres que brindarán, esperemos y sea de nuestro agrado; para poder contribuir más en las enseñanzas y aprendizaje de cada uno de nuestros estudiantes.'),
(51, 'SALJ841118MOCNPQ05', 'JAQUELINE SANCHEZ LOPEZ', '9512788982', 'yaque_sl@hotmail.com', '20EBD0034U', '', 'no', '1aishiteru', NULL, NULL, 'Actualización de tu área', 'Diseño de estrategias didáctivas', 'Evaluar aprendizaje', NULL, ''),
(52, 'SEPV790530HOCRRC03', 'VICTOR MANUEL SERNA PORRAS', '9711596248', 'rabindranam@hotmail.com', '20EBD0047Y', '', 'no', 'sepo', NULL, NULL, 'Actualización de tu área', NULL, NULL, NULL, 'Espero sea lo más provechoso'),
(53, 'BATN800318HOCRLL00', 'NELSON BARRERA TOLEDO', '9941018003', 'pamibago1803@gmail.com', '20EBD0027K', 'Español,zapoteco', 'si', '1202', NULL, NULL, 'Actualización de tu área', NULL, 'Evaluar aprendizaje', NULL, ''),
(54, 'MAZC720128MOCRRR02', 'CRISTINA BELEM MARTINEZ ZARATE', '9515047786', 'belemaba17@gmail.com', '20EBD0029I', 'español', 'no', 'averivera77', NULL, 'Modelo Educativo Modular', NULL, 'Diseño de estrategias didáctivas', 'Evaluar aprendizaje', NULL, 'Espero cumpla algunas de mis expectativas en formación docente'),
(55, 'LOVF720407HHGPLD05', 'FEDOR OCTAVIO LOPEZ VILLA', '9511190931', 'coord.ccnn2013@gmail.com', 'CSEIIOOFCRT', 'español', 'no', 'fl72', NULL, NULL, 'Actualización de tu área', 'Diseño de estrategias didáctivas', NULL, NULL, ''),
(56, 'LOLD840222HOCPPD06', 'DIDIER LOPEZ LOPEZ', '9711076423', 'didier_lopez_agro@yahoo.com.mx', '20EBD0032W', 'Español, Zapoteco 50%, Inglés 50%', 'si', 'arisofia5245', NULL, 'Modelo Educativo Modular', 'Actualización de tu área', 'Diseño de estrategias didáctivas', 'Evaluar aprendizaje', NULL, 'Luce prometedor'),
(57, 'HELJ901224HOCRPS05', 'JESUS ANTONIO HERNANDEZ LOPEZ', '9511738699', 'helja901224@gmail.com', '20EBD0009V', 'español', 'no', 'sartre901224', NULL, 'Modelo Educativo Modular', NULL, NULL, NULL, NULL, ''),
(58, 'AAMA810424HOCLRL00', 'JOSE ALBERTO ALCALA MARTINEZ', '2461256566', 'joealbrt@gmail.com', 'CSEIIOOFCRT', 'Inglés', 'no', '5152A', 'Reforma Educativa', 'Modelo Educativo Modular', 'Actualización de tu área', 'Diseño de estrategias didáctivas', 'Evaluar aprendizaje', 'Desarrollar competencias docentes', ''),
(59, 'CAGD770608MOCRRL08', 'DALILA CARBALLIDO GARCIA', '9513290421', 'c.a.cseiio@outlook.es', 'CSEIIOOFCRT', 'CAGD770608', 'no', ')uEGBhC3', 'Reforma Educativa', 'Modelo Educativo Modular', 'Actualización de tu área', 'Diseño de estrategias didáctivas', 'Evaluar aprendizaje', 'Desarrollar competencias docentes', 'El Congreso está pensado en las necesidades de los docentes para que impacte en el aprendizaje de los estudiantes de nuestro subsistema. Espero que se aproveche al máximo y se realice en armonía y con mucho éxito.'),
(60, 'MOSE841025MOCRNL06', 'ELIZABET MORALES SANTIAGO', '951 222 18 14', 'morales_378@hotmail.com', '20EBD0036S', 'español, zapoteco', 'no', 'arbolsagrado', NULL, NULL, 'Actualización de tu área', NULL, NULL, NULL, ''),
(61, 'SAMR830125MOCNRS02', 'MARIA DEL ROSARIO SANTOS MARTINEZ', '5545846918', 'anonimgirl@gmail.com', 'CSEIIOOFCRT', 'mixe', 'si', 'xontek', NULL, 'Modelo Educativo Modular', NULL, 'Diseño de estrategias didáctivas', NULL, NULL, ''),
(62, 'LOPB921123HOCPRR05', 'BERTIN LOPEZ PEREZ', '2229659163', 'bertt921123@gmail.com', '20EBD0046Z', 'Españo, Mixteco', 'no', '0192', NULL, NULL, 'Actualización de tu área', 'Diseño de estrategias didáctivas', NULL, 'Desarrollar competencias docentes', 'Trascender de manera profesional en procesos y modelos de aprendizaje.'),
(63, 'GABR860523HOCRTM05', 'RAMIRO GARCIA BAUTISTA', '9511798121', 'mc.ramirogb@gmail.com', 'CSEIIOOFCRT', 'Español y Mixteco nativo.', 'no', 'GARCIABAUTISTA', 'Reforma Educativa', 'Modelo Educativo Modular', NULL, 'Diseño de estrategias didáctivas', 'Evaluar aprendizaje', 'Desarrollar competencias docentes', 'Espero emocionantes talleres.'),
(64, 'ooml830730mocrnr01', 'LAURA BRISEIDA OROZCO MONTERO', '9717282713', 'laurisbris@hotmail.com', '20EBD0027K', 'zapoteeco', 'no', '1983', NULL, NULL, 'Actualización de tu área', NULL, NULL, NULL, 'Esperando que este curso sea muy interesante l para todos los docentes,que nos ayuden con algunos recurso didácticos para poder ser utilizado en  nuestra área y esto nos permitirá contribuir en el desarrollo de los educados.'),
(65, 'MERJ790824HOCRYS04', 'JOSE DE JESUS MERCADO REYES', '9513302559', 'colorado4x@hotmail.com', '20EBD0021Q', 'ESPAÑOL', 'si', 'TAXI', NULL, NULL, 'Actualización de tu área', NULL, NULL, 'Desarrollar competencias docentes', ''),
(66, 'MERJ790824HOCRYS04', 'JOSE DE JESUS MERCADO REYES', '9513302559', 'colorado4x@hotmail.com', '20EBD0021Q', 'ESPAÑOL', 'si', 'TAXI', NULL, NULL, 'Actualización de tu área', NULL, NULL, 'Desarrollar competencias docentes', ''),
(67, 'MASJ850510HOCRNN09', 'JUAN ANTONIO MARTINEZ SANCHEZ', '2871456358', 'jams_0585@hotmail.com', '20EBD0023O', 'Español', 'no', 'caramelito', 'Reforma Educativa', 'Modelo Educativo Modular', 'Actualización de tu área', 'Diseño de estrategias didáctivas', 'Evaluar aprendizaje', 'Desarrollar competencias docentes', 'Estoy muy emocionado y con todas las ganas de iniciar ya este primer congreso del CSEIIO 2017 y de que esta dependencia de gran renombre como lo es el CIIDIR nos brinde la oportunidad de poder conocer su prestigio y además opino va ser de mucho crecimiento profesional para cada uno de nosotros los que laboramos en el CSEIIO.'),
(68, 'JIRE820721HOCMDL02', 'ELEAZAR DOMINGO JIMENEZ RODRIGUEZ', '9512346518', 'jired_zed@hotmail.com', '20EBD0004Z', 'Español', 'no', 'chay', 'Reforma Educativa', NULL, 'Actualización de tu área', NULL, NULL, NULL, 'Espero que este curso sea muy provechoso para mí'),
(69, 'GAVA861026MOCRNR05', 'ARIADNA GARCIA VENTURA', '9515707352', 'ana_300@hotmail.com', '20EBD0005Z', 'Español', 'no', 'Andairagv', NULL, 'Modelo Educativo Modular', NULL, NULL, NULL, NULL, ''),
(70, 'BATD860218MOCRLL03', 'DULCE MARIA BARRERA TOLEDO', '9711457282', 'dumabarrera@hotmail.com', '20EBD0032W', 'Español', 'no', '9586', 'Reforma Educativa', NULL, 'Actualización de tu área', 'Diseño de estrategias didáctivas', NULL, 'Desarrollar competencias docentes', 'El curso de actualización docente  importante para la educación y el aprendizaje'),
(71, 'MAMD741222HOCRNM04', 'DEMETRIO MARTINEZ MENDOZA', '9513544028', 'demem20@hotmail.com', '20EBD0029I', 'Español', 'si', 'mmd741222', NULL, NULL, NULL, NULL, NULL, NULL, 'Pensamiento de diseño, creando proyectos innovadores'),
(72, 'RURJ850411HOCZSM01', 'JAIME RUIZ RIOS', '9512285818', 'jaime_11_rr@hotmail.com', '20EBD0030Y', 'Español', 'no', 'jaime', NULL, NULL, NULL, NULL, NULL, 'Desarrollar competencias docentes', ''),
(73, 'GAJP771026HOCRMS05', 'PASCUAL GARCIA JIMENEZ', '9721117354', 'garjimpa@gmail.com', '20EBD0032W', '', 'no', 'PAKO', NULL, NULL, 'Actualización de tu área', 'Diseño de estrategias didáctivas', NULL, NULL, 'Ninguno'),
(74, 'RIXA810326MOCVXN06', 'ANGELA SOLEDAD RIVERA', '9531114030', 'suyei@hotmail.com', '20EBD0045Z', 'Español (90%), Inglés (50%)', 'no', 'nichitolayo01', NULL, 'Modelo Educativo Modular', 'Actualización de tu área', NULL, 'Evaluar aprendizaje', 'Desarrollar competencias docentes', 'El panorama es muy optimista, por lo que sólo es cuestión de iniciativa y asertividad de nuestra parta, y los resultados llegarán.'),
(75, 'Lona861206hocpxl09', 'ALAN TONATIUH LOPEZ NIÑO', '9512277377', 'zagato00@gmail.com', '20EBD0030Y', 'Español', 'si', 'zagato00', NULL, 'Modelo Educativo Modular', 'Actualización de tu área', NULL, NULL, NULL, 'Saludos, disculpas, mi BIC de adscripción es el BI de coatecas altas.  Recientemente me cambie y sigue apareciendo la clave del plantel anterior el BIC30. Gracias.'),
(76, 'hehr710305hdfrrc00', 'RICARDO HERNANDEZ HERNANDEZ', '5512928216', 'ricardohdz2@hotmail.com', '20EBD0018C', '', 'si', 'CORONITO53', 'Reforma Educativa', 'Modelo Educativo Modular', 'Actualización de tu área', 'Diseño de estrategias didáctivas', 'Evaluar aprendizaje', 'Desarrollar competencias docentes', ''),
(77, 'VITJ771201HOCCRS09', 'JESUS VICENTE TORRES', '9513095101', 'jvtorres197712@gmail.com', '20EBD0015F', 'ESPAÑOL', 'si', 'GS04', 'Reforma Educativa', NULL, 'Actualización de tu área', 'Diseño de estrategias didáctivas', 'Evaluar aprendizaje', NULL, 'Todo curso es una oportunidad de aprender y de acuerdo como está planteado, será muy productivo en mejora de nuestra práctica docente'),
(78, 'GODV810723MOCNLL05', 'VIOLETA GONZAGA DOLORES', '9711580906', 'pamibago1803@gmail.com', '20EBD0023O', 'Español', 'no', '1803', 'Reforma Educativa', NULL, 'Actualización de tu área', NULL, NULL, NULL, ''),
(79, 'MAAE880305HDFCLD00', 'JOSE EDUARDO MACEDO ALDAZ', '(044) 9512728502', 'yubaam@outlook.com', '20EBD0009V', 'español-ingles-mixe', 'no', 'bic09', NULL, NULL, NULL, 'Diseño de estrategias didáctivas', NULL, 'Desarrollar competencias docentes', ''),
(80, 'RUAA791225HOCZPD09', 'ADAEL RUIZ APARICIO', '951 202 6801', 'adaruiz08@hotmail.com', '20EBD0005Z', 'Español', 'no', 'RUAA791225DW8', NULL, NULL, NULL, 'Diseño de estrategias didáctivas', 'Evaluar aprendizaje', NULL, ''),
(81, 'CALL870213MOCSPZ01', 'LIZBETH CASTILLO LOPEZ', '2361091052', 'liz_caslo@hotmail.com', '20EBD0023O', 'Español', 'no', 'herliz13', NULL, NULL, 'Actualización de tu área', NULL, NULL, NULL, ''),
(82, 'HEJM830816HOCRMC02', 'MACARIO HERN?NDEZ JIM?NEZ', '9511358121', 'pez_246@hotmail.com', '20EBD0009V', 'Español', 'no', 'Jma1', NULL, 'Modelo Educativo Modular', 'Actualización de tu área', NULL, 'Evaluar aprendizaje', NULL, ''),
(83, 'MACF800517HOCRVR02', 'FRANCISCO V. MART?NEZ COVARRUBIAS', '9511653437', 'pacooax@hotmail.com', '20EBD0042C', 'español', 'si', '1980', NULL, 'Modelo Educativo Modular', NULL, NULL, 'Evaluar aprendizaje', 'Desarrollar competencias docentes', 'Bien planteado, hay que manejar bien los tiempos para que se logre el objetivo'),
(84, 'PEFJ830809MOCRLZ04', 'JAZM?N P?REZ FULGENCIO', '9512829337', 'mvz_jpf@hotmail.com', '20EBD0024N', 'ESPAÑOL Y MIXTECO', 'si', 'tetepec1', 'Reforma Educativa', NULL, NULL, NULL, 'Evaluar aprendizaje', NULL, ''),
(85, 'BOPA770424HOCLCL03', 'ALEJANDRO BOLA?OS PACHECO', '9512093089', 'abp54@hotmail.com', '20EBD0029I', 'Español', 'si', 'ab29i', 'Reforma Educativa', NULL, NULL, NULL, NULL, NULL, 'Es necesario particular un curso-taller de formación directiva'),
(86, 'GODV761013MOCNLR08', 'VERONICA GONZAGA DOLORES', '9941073196', 'pamibago1803@gmail.com', '20EBD0004Z', 'Español', 'no', '2307', NULL, NULL, NULL, NULL, NULL, NULL, ''),
(87, 'TOGL751224MOCRMD01', 'LUDIBINA TORRES GOMEZ', '9512405136', 'ludyrm7@hotmail.com', '20EBD0029I', 'Inglés y español', 'no', 'ludy05', NULL, NULL, NULL, 'Diseño de estrategias didáctivas', 'Evaluar aprendizaje', NULL, ''),
(88, 'JIZR771009HOCMBY02', 'REYNALDO JIMENEZ ZABALETA', '9513652042', 'reyjz77@hotmail.com', '20EBD0018C', 'español', 'no', '1977', NULL, NULL, 'Actualización de tu área', 'Diseño de estrategias didáctivas', 'Evaluar aprendizaje', 'Desarrollar competencias docentes', ''),
(89, 'HESC870311HOCRNN03', 'CONSTANTINO HERNANDEZ SANTOS', '9513413817', 'saher_lae1@hotmail.com', '20EBD0013H', 'Español', 'no', 'minene', 'Reforma Educativa', NULL, 'Actualización de tu área', NULL, NULL, 'Desarrollar competencias docentes', ''),
(90, 'SALY880820MOCNPS04', 'YESENIA SANTIAGO LOPEZ', '9511183311', 'yesi_sk88@hotmail.com', '20EBD0024N', 'MIXTECO', 'no', 'yezuka', 'Reforma Educativa', 'Modelo Educativo Modular', 'Actualización de tu área', 'Diseño de estrategias didáctivas', NULL, NULL, ''),
(91, 'CAMB831202MOCSRR00', 'MARIA BRISEIDA CASTILLEJOS MARCIAL', '9511173829', 'brisei-da@hotmail.com', '20EBD0042C', 'español', 'no', '7807', NULL, NULL, 'Actualización de tu área', NULL, NULL, NULL, 'Espero que me sirva para mejorar mi desempeño en el aula'),
(92, 'LOLP771210HOCPPD02', 'PEDRO L?PEZ L?PEZ', '9512442035', 'zoque12@hotmail.com', '20EBD0016E', 'Español', 'si', 'daniel2', NULL, 'Modelo Educativo Modular', NULL, 'Diseño de estrategias didáctivas', NULL, NULL, ''),
(93, 'HELL860215HOCRPN02', 'LEONEL HERNANDEZ LOPEZ', '9512111907', 'leonelhl@live.com.mx', '20EBD0001C', '', 'si', '1986', NULL, NULL, 'Actualización de tu área', NULL, NULL, NULL, ''),
(94, 'VAJG850528MOCZMB02', 'GABRIELA VAZQUEZ JIMENEZ', '9512887297', 'jvtorres197712@gmail.con', '20EBD0024N', 'ESPAÑOL', 'no', '280112', NULL, 'Modelo Educativo Modular', NULL, NULL, NULL, NULL, ''),
(95, 'PAPP821118HOCCCD03', 'PEDRO PACHECO PACHECO', '9513648879', 'bic42.elgachupin@gmail.com', '20EBD0042C', 'Español y Mixteco.', 'no', 'bic42', NULL, NULL, 'Actualización de tu área', 'Diseño de estrategias didáctivas', NULL, 'Desarrollar competencias docentes', 'Un comentario ...\r\nQue el curso o taller sea dinámica para que nos permita identificar estrategias para la enseñanza-aprendizaje.'),
(96, 'MECJ850826HOCNSC00', 'JACINTO HELADIO,MENDOZA CASTRO', '9541191605', 'producciones_mendozza@hotmail.com', '20EBD0018C', 'Español', 'no', 'bic25peras', NULL, NULL, 'Actualización de tu área', NULL, NULL, 'Desarrollar competencias docentes', ''),
(97, 'CUBY870126MOCRRN04', 'YOANA KARINA CRUZ BARRAGAN', '9511804472', 'yoana.byck@hotmail.com', '20EBD0018C', 'español', 'no', '7807', NULL, NULL, NULL, NULL, 'Evaluar aprendizaje', NULL, 'Necesito herramientas para realizar una mejor evaluación a los estudiantes'),
(98, 'LOCS830527HOCPSM06', 'SAMUEL LOPEZ CASTRO', '6861709736', 'lopezcas12@gmail.com', '20EBD0036S', 'Español', 'no', 'geminis12', NULL, NULL, 'Actualización de tu área', NULL, NULL, 'Desarrollar competencias docentes', ''),
(99, 'cesj770427hocrnr02', 'JORGE CERVANTES SANTIBA?EZ', '9512711222', 'santibanez77@hotmail.com', '20EBD0042C', 'español', 'no', 'Lokito77', NULL, NULL, 'Actualización de tu área', 'Diseño de estrategias didáctivas', NULL, NULL, 'gracias asistiré con muchas ganas de aprender, espero que asi se desarrollo el curso de acuerdo a lo que nos exige la reforma'),
(100, 'GOCJ770317HOCMLN09', 'JUAN CARLOS GOMEZ COLIN', '9511491955', 'palmanta@hotmail.com', '20EBD0029I', 'español', 'si', '5434', 'Reforma Educativa', NULL, NULL, NULL, NULL, 'Desarrollar competencias docentes', 'Excelente'),
(101, 'GOLN861008HOCNPT00', 'NATAN EDUARDO GONZALEZ LOPEZ', '9512408498', 'natan.gonzalez86@gmail.com', '20EBD0020R', '', 'si', 'logo8686', NULL, NULL, 'Actualización de tu área', 'Diseño de estrategias didáctivas', 'Evaluar aprendizaje', NULL, ''),
(102, 'JUCF880128HOCLBR09', 'FRANCO ANTONIO JULIAN CABALLERO', '9511658193', 'fenix_fuegoastante@hotmail.com', '20EBD0025M', 'Español, Mixteco', 'no', 'enero88', NULL, NULL, 'Actualización de tu área', 'Diseño de estrategias didáctivas', 'Evaluar aprendizaje', NULL, ''),
(103, 'VIPY840311moclrn02', 'YANELY VILLEGAS PEREZ', '9512681540', 'yvillegas.yagyu@gmail.com', '20EBD0029I', '', 'no', 'y0&y1', 'Reforma Educativa', NULL, NULL, NULL, NULL, 'Desarrollar competencias docentes', ''),
(104, 'AAMM800115MOCLRR06', 'MAURA ALTAMIRANO MARTINEZ', '9512604015', 'altami@hotmail.com', '20EBD0001C', 'ESPAÑOL', 'no', 'altami15', NULL, NULL, 'Actualización de tu área', NULL, NULL, 'Desarrollar competencias docentes', ''),
(105, 'PEHJ860903MOCRRN07', 'JEANNET PEREZ HERNANDEZ', '9513146557', 'janelgirl@gmail.com', '20EBD0006Y', '', 'si', 'banana', NULL, 'Modelo Educativo Modular', 'Actualización de tu área', 'Diseño de estrategias didáctivas', NULL, 'Desarrollar competencias docentes', ''),
(106, 'RUGF850718MOCZRB04', 'FABIOLA RUIZ GUERRA', '9711169344', 'rgfabby@hotmail.com', '20EBD0047Y', 'Español', 'no', 'rgfabby1885', NULL, 'Modelo Educativo Modular', 'Actualización de tu área', 'Diseño de estrategias didáctivas', NULL, 'Desarrollar competencias docentes', ''),
(107, 'AOPR800403HOCMRC05', 'RICARDO AMBROSIO PRADO', '9515043576', 'xhawed@hotmail.com', '20EBD0006Y', 'español, zapoteco', 'no', 'escorpion1', NULL, NULL, 'Actualización de tu área', 'Diseño de estrategias didáctivas', 'Evaluar aprendizaje', NULL, ''),
(108, 'REHR760914HDFYRB08', 'ROBERTO REYES HERNANDEZ', '9512522318', 'correodereyes@hotmail.com', '20EBD0001C', 'Español, ingles (25 %)', 'si', 'boby2230', 'Reforma Educativa', NULL, 'Actualización de tu área', NULL, NULL, NULL, 'Cuales talleres y cursos están dirigidos a personal directivo?'),
(109, 'BAVE910419MOCTLL06', 'ELEDY BAUTISTA VELASCO', '9511271435', 'aries_.xela2006@hotmail.com', '20EBD0034U', '', 'no', '231419', 'Reforma Educativa', NULL, NULL, NULL, NULL, NULL, ''),
(110, 'GODJ750617HOCNSN09', 'JUAN CARLOS GONZALEZ DESIRENA', '9515198481', 'desirena@hotmail.com', '20EBD0029I', 'Español', 'no', 'LuisAngel28', 'Reforma Educativa', 'Modelo Educativo Modular', 'Actualización de tu área', 'Diseño de estrategias didáctivas', 'Evaluar aprendizaje', 'Desarrollar competencias docentes', 'Espero que la actualización docente me permita reforzar mis habilidades para el desarrollo de mis actividades educativas en el aula'),
(111, 'HEMJ871117HOCRRR01', 'JORGE CARLOS HERNANDEZ MARTINEZ', '9515090227', 'jocarloscc@hotmail.com', '20EBD0015F', 'español e inglés', 'no', 'bic15', NULL, NULL, 'Actualización de tu área', 'Diseño de estrategias didáctivas', NULL, NULL, ''),
(112, 'CAJK910524MOCSMN05', 'KENIA AMAYRANI CASTILLEJOS JIM?NEZ', '9711197731', 'psico_24@live.com.mx', '20EBD0049W', 'Español', 'no', '0904b050', 'Reforma Educativa', 'Modelo Educativo Modular', NULL, 'Diseño de estrategias didáctivas', NULL, 'Desarrollar competencias docentes', 'Exelente modalidad de curso'),
(113, 'GAMR770711HOCRRF05', 'RAFAEL GARCIA MARTINEZ', '2361045653', 'rafagar_15@hotmail.com', '20EBD0034U', '', 'no', 'alotepec', NULL, NULL, NULL, 'Diseño de estrategias didáctivas', NULL, NULL, ''),
(114, 'HEJG730103MOCRMN15', 'GENOVEVA VIRGEN HERNANDEZ JIMENEZ', '9511659471', 'gnohdz14@gmail.com', '20EBD0001C', 'Mixe, español', 'no', 'yinet05', NULL, NULL, 'Actualización de tu área', 'Diseño de estrategias didáctivas', NULL, NULL, ''),
(115, 'OEGG810628HOCRRL05', 'GUILLERMO ORTELA GARCIA', '0452741012652', 'ortelagarcia@hotmail.com', '20EBD0014G', 'Español', 'no', 'bereyuli0516', NULL, NULL, 'Actualización de tu área', 'Diseño de estrategias didáctivas', NULL, NULL, 'Que sea bastante práctico'),
(116, 'TOHN781203MOCRRR06', 'NORMA TORREZ HERNANDEZ', '9513546732', 'liitee@hotmail.com', '20EBD0001C', 'ESPAÑOL, CHINANTECO', 'no', 'norma03', NULL, NULL, 'Actualización de tu área', NULL, NULL, 'Desarrollar competencias docentes', ''),
(117, 'CURY871220MOCVMD07', 'YADIRA CUEVAS RAMIREZ', '9513623763', 'ycr_87@hotmail.com', '20EBD0036S', 'Español', 'no', '2015', NULL, NULL, 'Actualización de tu área', NULL, NULL, NULL, ''),
(118, 'MEGF870116HOCLRR03', 'FRANCISCO MELO GARCIA', '9541327703', 'pakomelo@hotmail.com', '20EBD0008W', 'Español(Castellano)', 'si', 'pakomelo', NULL, 'Modelo Educativo Modular', 'Actualización de tu área', NULL, NULL, 'Desarrollar competencias docentes', 'Que los talleres sean prácticos'),
(119, 'GAMS850721HOCRRR03', 'SERGIO GARCIA MARCOS', '9531258219', 'aguila_cae17@hotmail.com', '20EBD0025M', 'Español', 'no', '1212', NULL, NULL, 'Actualización de tu área', 'Diseño de estrategias didáctivas', NULL, NULL, ''),
(120, 'VEJN860929MOCNRR03', 'NORA ANGELA VENEGAS JUAREZ', '9541135637', 'VENEGAS_JNA@HOTMAIL.COM', '20EBD0008W', 'MAZATECO', 'no', 'VENEGAS2909', 'Reforma Educativa', 'Modelo Educativo Modular', 'Actualización de tu área', NULL, NULL, 'Desarrollar competencias docentes', 'QUE SE PRACTICO Y PROPORCIONEN INFORMACIÓN.'),
(121, 'GOOL840713MOCNRR00', 'LOURDES GONZALEZ ORTEGA', '5572243989', 'keylu13@gmail.com', '20EBD0028J', 'Náhuatl', 'no', 'floren', NULL, NULL, NULL, 'Diseño de estrategias didáctivas', NULL, NULL, 'Es necesario conocer estrategias didácticas enfocadas al tiempo en que vivimos que es la era de la tecnología, de este modo nuestra enseñanza - aprendizaje será más productiva y significativa para nuestros estudiantes.'),
(122, 'LOSE781105HOCPRL05', 'ELIGIO L?PEZ SARABIA', '9512110357', 'eligiosarabia@hotmail.com', '20EBD0045Z', 'Español, Mixteco', 'no', 'Zarago1&', 'Reforma Educativa', 'Modelo Educativo Modular', NULL, NULL, 'Evaluar aprendizaje', NULL, 'Sin comentario'),
(123, 'LOHO780905HOCPRS02', 'OSCAR LOPEZ HERNANDEZ', '9511688016', 'calin_7_8@hotmail.com', '20EBD0042C', 'Chinanteco', 'si', 'chinanteco', NULL, 'Modelo Educativo Modular', NULL, NULL, NULL, NULL, ''),
(124, 'OOVL841009HOCRLS07', 'LUIS OROZCO VALENCIA', '2361159652', 'eaglet_10@hotmail.com', '20EBD0009V', 'español, mazateco', 'no', 'orozco84', NULL, NULL, 'Actualización de tu área', NULL, NULL, NULL, ''),
(125, 'LOPE791017HOCPRD07', 'EDWIN LOPEZ PEREZ', '9513295066', 'ing.edwinlp1979@gmail.com', '20EBD0037R', 'Español', 'si', '1237', 'Reforma Educativa', NULL, 'Actualización de tu área', 'Diseño de estrategias didáctivas', NULL, 'Desarrollar competencias docentes', ''),
(126, 'MEOM821126MOCNSR03', 'MAURITA MENDOZA OSORIO', '9511720284', 'm_osoriomaurita@hotmail.com', '20EBD0038Q', 'Español', 'no', 'm10osorio', NULL, NULL, 'Actualización de tu área', 'Diseño de estrategias didáctivas', 'Evaluar aprendizaje', NULL, 'El curso parece ser productivo, espero que se cumplan mis expectativas.'),
(127, 'CAHC900329MOCSNL09', 'CLAUDIA,CASTILLEJOS HENESTROZA', '9711690837', 'nanely_2919@hotmail.com', '20EBD0024N', 'Zapoteco y  español', 'no', 'clacahe', 'Reforma Educativa', 'Modelo Educativo Modular', 'Actualización de tu área', 'Diseño de estrategias didáctivas', 'Evaluar aprendizaje', 'Desarrollar competencias docentes', 'Agradezco enormemente esta oportunidad y esperemos que se efectúe de manera constante todas estas actividades.'),
(128, 'VELL860530MOCLST06', 'LETICIA VELASCO LUIS', '9511002676', 'aicitel_pje@hotmail.com', '20EBD0034U', '', 'no', 'travieza', NULL, NULL, 'Actualización de tu área', NULL, NULL, NULL, ''),
(129, 'OOSE860920HOCSNM06', 'EMANUEL OSORIO SANCHEZ', '9511351362', 'osorio_sem@hotmail.com', '20EBD0005Z', 'Español', 'no', 'aldotahiel2016', NULL, NULL, 'Actualización de tu área', NULL, 'Evaluar aprendizaje', NULL, ''),
(130, 'OOSE860920HOCSNM06', 'EMANUEL OSORIO SANCHEZ', '9511351362', 'osorio_sem@hotmail.com', '20EBD0005Z', 'Español', 'no', 'aldotahiel2016', NULL, NULL, 'Actualización de tu área', NULL, 'Evaluar aprendizaje', NULL, ''),
(131, 'OISD880408MOCRNN09', 'DONAJI VIOLETA ORTIZ SANTIAGO', '9513148151', 'Caballerodvos@outlook.com', '20EBD0042C', 'Español', 'no', '300espartanos', 'Reforma Educativa', 'Modelo Educativo Modular', 'Actualización de tu área', 'Diseño de estrategias didáctivas', 'Evaluar aprendizaje', 'Desarrollar competencias docentes', 'Es bueno saber que realizan este tipo de actividades en favor de la educación'),
(132, 'VEAL760601MOCLNZ02', 'LIZBETH VELAZQUEZ ANTONIO', '01 9717250107', 'veanli76@hotmail.com', '20EBD0027K', 'Español', 'si', 'liz1', NULL, NULL, 'Actualización de tu área', 'Diseño de estrategias didáctivas', NULL, 'Desarrollar competencias docentes', 'Espero obtener mas conocimientos para aplicarlos en el plantel'),
(133, 'YASG820131MPLXND03', 'GUADALUPE YA?EZ SANCHEZ', '238 1084469', 'gyaezs22@yahoo.com.mx', '20EBD0021Q', 'Español', 'no', 'lupitays8231', NULL, NULL, 'Actualización de tu área', NULL, NULL, NULL, 'Como docente requiero nuevas estrategias de enseñanza de mi área que es Ciencias Naturales.'),
(134, 'COBJ900918HOCLTH02', 'JOHNNY ARIEL COLORES BAUTISTA', '9531128436', 'johnny.colores@gmail.com', '20EBD0022P', 'Español', 'no', 'Iphone6', 'Reforma Educativa', NULL, NULL, NULL, NULL, 'Desarrollar competencias docentes', ''),
(135, 'LOLE870905HOCPPD08', 'EDUARDO LOPEZ LOPEZ', '9511948187', 'lalo050@hotmail.com', '20EBD0002B', 'chinanteco', 'si', 'manytalleres2327', NULL, 'Modelo Educativo Modular', NULL, NULL, 'Evaluar aprendizaje', 'Desarrollar competencias docentes', 'Desde el punto de vista académico considero que las horas son muy consecutivas, lo cual impide un aprendizaje significativo. Sugiero que para el próximo encuentro académico, se puedan dar en 2 turnos de tal manera que podamos despejar la menta a la hora de la comida y regresar con mayor entusiasmo.'),
(136, 'TOHR770521HOCRRD14', 'RODRIGO TORREZ HERNANDEZ', '9511369369', 'rodrigo_chinanteco@hotmail.com', '20EBD0044A', 'ESPAÑOL, CHINANTECO', 'si', 'rodrigo', NULL, NULL, 'Actualización de tu área', NULL, NULL, 'Desarrollar competencias docentes', ''),
(137, 'Hecc820726mvzrsr09', 'CRISTIAN HERNANDEZ CASTELLANOS', '9511622373', 'kryssh26@hotmal.com', '20EBD0026L', 'español', 'si', 'chca', NULL, NULL, NULL, NULL, NULL, 'Desarrollar competencias docentes', ''),
(138, 'JUHN810712HOCRRB06', 'NABOR JUAREZ HERNANDEZ', '9511863118', 'juhn07@hotmail.com', '20EBD0041D', 'ESPAÑOL', 'no', 'maz@', 'Reforma Educativa', NULL, 'Actualización de tu área', NULL, NULL, NULL, 'Espero aprovechar y disfrutar dicho cuso para la mejora de la educación.'),
(139, 'VAPL821213MOCLLL09', 'LILIANA MARITZA VALERIANO PAULINO', '9511645015', 'aztiram9@gmail.com', '20EBD0006Y', 'español', 'si', 'liliana', NULL, NULL, 'Actualización de tu área', NULL, 'Evaluar aprendizaje', NULL, ''),
(140, 'RASC800705MOCMNN04', 'CANDELARIA RAMIREZ SANTIAGO', '', 'kandy_05@outlook.com', '20EBD0026L', '', 'no', 'majo', NULL, NULL, 'Actualización de tu área', NULL, NULL, 'Desarrollar competencias docentes', ''),
(141, 'GAHE800904HOCRRD09', 'EDUARDO GARC?A HERN?NDEZ', '9511610508', 'eduardo_80gh@yahoo.com.mx', '20EBD0014G', 'Español', 'no', 'AL23', 'Reforma Educativa', 'Modelo Educativo Modular', NULL, NULL, NULL, 'Desarrollar competencias docentes', 'Me gustaría conocer el tránsito modular y mejorar la entrega de los resultados de investigación del BIc 14'),
(142, 'DUVA810613MOCRRN13', 'MA ANTONIA DUARTE VARELA', '2223128360', 'duarte_varela_antonia@live.com', '20EBD0003A', 'Español', 'no', 'AD03', NULL, NULL, 'Actualización de tu área', 'Diseño de estrategias didáctivas', 'Evaluar aprendizaje', NULL, 'Proporcione herramientas que contribuyan a mejorar nuestra práctica docente.'),
(143, 'heem870413mocrlr07', 'MIRIAM HERNANDEZ ELEUTERIO', '9511107880', 'miriambic@hotmail.com', '20EBD0026L', '', 'si', 'eduardo', 'Reforma Educativa', 'Modelo Educativo Modular', 'Actualización de tu área', NULL, 'Evaluar aprendizaje', 'Desarrollar competencias docentes', ''),
(144, 'MECJ840316HOCNSN05', 'JUAN PEDRO MENDOZA CASTRO', '9512612156', 'juanpedro03_3@hotmail.com', '20EBD0016E', 'español', 'si', 'hocnsn05', NULL, NULL, 'Actualización de tu área', NULL, NULL, NULL, ''),
(145, 'VIPB811228HOCCDR07', 'BARTOLO VICENTE PEDRO', '9941067464', 'viped_28@hotmail.com', '20EBD0043B', '', 'no', 'flor', NULL, NULL, NULL, 'Diseño de estrategias didáctivas', 'Evaluar aprendizaje', 'Desarrollar competencias docentes', 'Espero cumpla las espectativas'),
(146, 'JIGM850425MDFMRR07', 'MARIBEL JIMENEZ GARCIA', '9511555983', 'mary.chapis@hotmail.es', '20EBD0036S', 'español', 'si', 'hocnsn05', NULL, NULL, 'Actualización de tu área', NULL, NULL, NULL, ''),
(147, 'SOZC790418HOCSBS07', 'CASTO SOSA ZABALETA', '9512354770', 'castososa@yahoo.com.mx', '20EBD0026L', '', 'no', 'castito', NULL, 'Modelo Educativo Modular', 'Actualización de tu área', NULL, NULL, NULL, 'Formación pertinente'),
(148, 'PEMY780228HOCRYN09', 'YAN PEREZ MOYA', '2871316788', 'arqyan@hotmail.com', '20EBD0003A', 'Español', 'no', '2802', NULL, NULL, 'Actualización de tu área', 'Diseño de estrategias didáctivas', 'Evaluar aprendizaje', NULL, 'Espero que la temática del curso, más allá del título, tenga pertinencia con nuestro presente y realidad de los BIC'),
(149, 'VARB850327HOCZMR03', 'BERNARDO V?ZQUEZ RAM?REZ', '9513219003', 'bervazram85@gmail.com', '20EBD0031X', 'ESPAÑOL, ZAPOTECO,', 'no', '2321', NULL, NULL, 'Actualización de tu área', NULL, NULL, NULL, ''),
(150, 'HEVH920228HOCRSL01', 'HILARIO HERNANDEZ VASQUEZ', '9512848687', 'hilario335@hotmail.com', '20EBD0012I', 'Castellano', 'no', 'coldplay', 'Reforma Educativa', 'Modelo Educativo Modular', 'Actualización de tu área', 'Diseño de estrategias didáctivas', 'Evaluar aprendizaje', 'Desarrollar competencias docentes', ''),
(151, 'FOFJ830905HOCLLN04', 'JUAN CARLOS FLORES FLORES', '9511942501', 'spjal28@hotmail.com', '20EBD0034U', 'Español', 'no', 'jc83', NULL, NULL, 'Actualización de tu área', 'Diseño de estrategias didáctivas', NULL, NULL, 'QUE LOS CURSOS INCLUYAN TEORÍA Y PRÁCTICA PARA OBTENER MAYORES CONOCIMIENTOS.'),
(152, 'rahc820427mocmrn05', 'CINTHIA RAMIREZ HERRERA', '2361080229', 'cinthia_rh@hotmail.com', '20EBD0028J', 'RAHC820427', 'no', 'CBZa3SN', 'Reforma Educativa', 'Modelo Educativo Modular', 'Actualización de tu área', 'Diseño de estrategias didáctivas', 'Evaluar aprendizaje', 'Desarrollar competencias docentes', ''),
(153, 'RAXG710608HSLMXL09', 'GILDARDO RAM?REZ', '951 308 18 53', 'giloax@hotmail.com', '20EBD0040E', 'Español', 'si', 'Mayito', NULL, NULL, 'Actualización de tu área', 'Diseño de estrategias didáctivas', 'Evaluar aprendizaje', 'Desarrollar competencias docentes', 'Felicidades! Mucho Éxito'),
(154, 'MEMJ780202HOCNRV01', 'JAVIER MENDOZA MARTINEZ', '', 'javimen_78@hotmail.com', '20EBD0028J', 'MEMJ780202', 'si', 'memj780202', NULL, NULL, NULL, 'Diseño de estrategias didáctivas', NULL, NULL, 'Esperemos que cubra las espectativas de cada docente'),
(155, 'ROJA780821MOCDMR08', 'ARELI RODRIGUEZ JIMENEZ', '2361062293', 'arelirdez@hotmail.com', '20EBD0020R', 'español', 'no', 'are78', NULL, NULL, 'Actualización de tu área', NULL, NULL, 'Desarrollar competencias docentes', 'DESARROLLAR MEJORES ESTRATEGIAS DIDÁCTICAS PARA APLICAR CON LOS ESTUDIANTES'),
(156, 'GAMJ780228HOCLRV03', 'JAVIER GALLARDO MART?NEZ', '9512268554', 'bio_reaccion@hotmail.com', '20EBD0017D', 'Mixe', 'si', 'gamj', 'Reforma Educativa', NULL, NULL, NULL, NULL, NULL, 'actualizarme con las nuevas normas y.modificaciones de los acuerdos.\r\n\r\nAspectos sobre la. evaluación  para directores'),
(157, 'REBJ790611HOCYLV09', 'JAVIER REYES BOLA?OS', '2361193741', 'javireybol@hotmail.com', '20EBD0023O', 'Espanol', 'si', '13junio1987', NULL, NULL, NULL, 'Diseño de estrategias didáctivas', NULL, NULL, 'ESPERO PUEDA APRENDER MUCHO DEL CURSO Y HAYA ORGANIZACION DESDE EL PRIMER DIA QUE DE AHI ES EL PARTE AGUAS DE TODO EL DESARROLLO.'),
(158, 'baht790206hoctrm08', 'TOMAS BAUTISTA HERNANDEZ', '9511809919', 'thomyy135@hotmail.com', '20EBD0026L', 'español', 'no', 'eduardo', 'Reforma Educativa', 'Modelo Educativo Modular', 'Actualización de tu área', 'Diseño de estrategias didáctivas', 'Evaluar aprendizaje', 'Desarrollar competencias docentes', ''),
(159, 'RUCJ921026HOCZHS06', 'JOSUE ALEJANDRO RUIZ CHIMAL', '5558791212', 'amp761hh@gmail.com', 'CSEIIOOFCRT', 'Zapoteco', 'no', '12345', 'Reforma Educativa', NULL, 'Actualización de tu área', 'Diseño de estrategias didáctivas', NULL, NULL, ''),
(160, 'GURI780401HOCTJR09', 'IRWING GUTIERREZ ROJAS', '9711453352', 'irwingrojas@hotmail.com', '20EBD0027K', 'español', 'no', 'guri', 'Reforma Educativa', NULL, 'Actualización de tu área', 'Diseño de estrategias didáctivas', NULL, NULL, 'pues en general que sea un curso donde obtengamos el mayor provecho posible y poder llevar a la practica lo que nos proporcionen'),
(161, 'LUSE780813HOCSLL09', 'ELIAZAR LUIS SALINAS', '9512531899', 'ejutleco@gmail.com', '20EBD0038Q', 'español', 'no', 'eliazar', NULL, NULL, NULL, 'Diseño de estrategias didáctivas', NULL, 'Desarrollar competencias docentes', ''),
(162, 'AOMI810504HOCRRN03', 'INTI ARZOLA MARCIAL', '9511456057', 'syncopaims@live.com.mx', '20EBD0029I', 'Español, alemán', 'si', 'peluche', 'Reforma Educativa', NULL, 'Actualización de tu área', 'Diseño de estrategias didáctivas', NULL, NULL, ''),
(163, 'SAJM850301HOCNRG07', 'MIGUEL SALMORAN SANCHEZ JUAREZ', '9512593379', 'matematicassalmoran@gmail.com', '20EBD0021Q', 'Español', 'no', '010385M', NULL, NULL, NULL, 'Diseño de estrategias didáctivas', NULL, 'Desarrollar competencias docentes', 'Espero que la primera jornada de actualización sea lo más agradable'),
(164, 'OILA790410HOCRPL09', 'ALBERTO ORTIZ L?PEZ', '9711130153', 'ortizpez@yahoo.com.mx', '20EBD0041D', 'Espanol', 'si', 'beto_bic41', NULL, NULL, NULL, NULL, 'Evaluar aprendizaje', NULL, 'Me surgen expectativas como la actualización de estrategias en la evaluación del proceso ensenanza-aperendizaje, espero ver herramientas para mejorar mi desempeño. doscente'),
(165, 'PAVJ810723HOCXLN00', 'JUAN PAXTIAN VELASCO', '9512297931', 'ugm_upn04@hotmail.com', '20EBD0046Z', 'PAVJ810723', 'no', 'lRhbVWL', NULL, NULL, 'Actualización de tu área', 'Diseño de estrategias didáctivas', NULL, NULL, ''),
(166, 'marl821014hoctms07', 'LUIS ALBERTO MATIAS RAMIREZ', '2831193432', 'cesarmatiasmanuel@gmail.com', '20EBD0023O', 'Español', 'no', 'matias82', NULL, NULL, 'Actualización de tu área', NULL, NULL, NULL, 'Reforzar los conocimientos respecto a mi perfil'),
(167, 'OETE920906HOCJLL02', 'ELIAS OJEDA TOLEDO', '9511955564', 'SCABOJEDA92@GMAIL.COM', '20EBD0049W', 'ESPAÑOL,CHINANTECO', 'no', 'SCABTOLEDO92', NULL, NULL, 'Actualización de tu área', NULL, NULL, NULL, 'TRABAJO EN EL ÁREA DE LENGUA INDÍGENA  Y QUISIERA CONOCER MÁS SOBRE LA ELABORACIÓN Y EJECUCIÓN DEL PROYECTOS LINGÜÍSTICOS'),
(168, 'CXGA860508MOCNNN04', 'ANDREA JOCELYN CANSECO GONZALEZ', '9512232649', 'jocelyn.andyca@gmail.com', '20EBD0002B', 'Ingles', 'si', 'Andybonita', NULL, NULL, 'Actualización de tu área', 'Diseño de estrategias didáctivas', 'Evaluar aprendizaje', NULL, ''),
(169, 'NOFJ751031HOCRGS08', 'JES?S NORIEGA FIGUEROA', '9711000755', 'beedxejnf@hotmail.com', '20EBD0038Q', 'ESPAÑOL', 'no', '3175', NULL, NULL, NULL, NULL, NULL, NULL, ''),
(170, 'GOVM761230MOCMRR06', 'MARIA GOMEZ VARGAS', '9511923156', 'magova29@gmail.com', '20EBD0016E', '', 'no', '0102', NULL, NULL, 'Actualización de tu área', NULL, NULL, NULL, ''),
(171, 'Gaom830430hoclsc07', 'MICHEL GALLEGOS OSORIO', '', 'may_ney_83@hormail.com', '20EBD0021Q', 'Castellano', 'no', 'cali', 'Reforma Educativa', 'Modelo Educativo Modular', 'Actualización de tu área', 'Diseño de estrategias didáctivas', 'Evaluar aprendizaje', 'Desarrollar competencias docentes', ''),
(172, 'RORG880701MOCMMB07', 'GABRIELA ROMERO ROMERO', '9511006850', 'romegabriela_@hotmail.com', '20EBD0035T', 'Español', 'no', 'gabe', NULL, 'Modelo Educativo Modular', NULL, NULL, 'Evaluar aprendizaje', NULL, 'Muy oportunas las propuestas de los talleres.'),
(173, 'MAMI770501HOCTNS07', 'ISMAEL MATUS MANZO', '9711795150', 'bic38.arroyosuchil@gmail.com', '20EBD0038Q', 'español', 'si', 'shunaxhi', NULL, NULL, 'Actualización de tu área', 'Diseño de estrategias didáctivas', NULL, NULL, 'Gracias por esta actualización docente'),
(174, 'CAEH830205MOCRSL05', 'HILDA CARRERA ESPEJO', '2223649293', 'hera_lulis@hotmail.com', '20EBD0008W', 'Español', 'no', 'sooshi83', NULL, 'Modelo Educativo Modular', 'Actualización de tu área', 'Diseño de estrategias didáctivas', NULL, NULL, ''),
(175, 'AEHG831118HOCRRL06', 'GUILLERMO ROMAN ARREOLA HERNANDEZ', '9512437066', 'g.tigregt@hotmail.com', '20EBD0040E', 'Español', 'no', 'nabucodonozor', NULL, NULL, 'Actualización de tu área', 'Diseño de estrategias didáctivas', 'Evaluar aprendizaje', NULL, 'Espero pronto comenzar el curso de actualización docente en este año.'),
(176, 'AAAL771117MOCRGD04', 'LIDICE OFELIA ARAGON AGUILAR', '9515076467', 'aragli@hotmail.com', '20EBD0015F', 'Español', 'no', 'fany', 'Reforma Educativa', NULL, NULL, 'Diseño de estrategias didáctivas', NULL, NULL, 'Que sea provechoso'),
(177, 'PETR820101MOCRRC05', 'ROCIO PEREZ TORO', '9512047554', 'luna82850@hotmail.com', 'CSEIIOOFCRT', 'Español', 'no', 'rocio7440', NULL, 'Modelo Educativo Modular', NULL, 'Diseño de estrategias didáctivas', NULL, NULL, ''),
(178, 'Goga821013hocmnl06', 'JOSE ALBERTO GOMEZ GONZALEZ', '9511004339', 'jobetingo@hotmail.com', '20EBD0006Y', 'Español', 'no', '1982', NULL, NULL, NULL, NULL, NULL, NULL, ''),
(179, 'LORC811122MOCPFC04', 'CECILIA REYNA LOPEZ RAFAEL', '9711265764', 'cecilia2212@hotmail.com', '20EBD0032W', '', 'no', 'arcon', NULL, NULL, NULL, 'Diseño de estrategias didáctivas', NULL, NULL, ''),
(180, 'Torj810823hocrmn02', 'JUAN ANGEL TORRES RAMIREZ', '9513556804', 'lennon887@hotmail.com', '20EBD0025M', 'Inglés', 'no', 'lennon887887', NULL, NULL, 'Actualización de tu área', NULL, NULL, NULL, 'Espero sea muy enriquecedor el curso'),
(181, 'GAOG800914HPLRSV09', 'GEOVANNI GARCIA OSORIO', '9513032822', 'giovany692@hotmail.com', '20EBD0034U', 'Español', 'no', 'gagosi', NULL, NULL, NULL, 'Diseño de estrategias didáctivas', NULL, NULL, 'Facil y practico');
INSERT INTO `ficha_registro` (`id_registro`, `curp`, `nombre`, `telefono`, `email`, `bic`, `idioma`, `automovil`, `password`, `opcion1`, `opcion2`, `opcion3`, `opcion4`, `opcion5`, `opcion6`, `comentario`) VALUES
(182, 'MIAI911027HOCGMS06', 'ISAIAS MIGUEL AMBROSIO', '9512119705', 'isaiasmiguel@politicas.unam.mx', '20EBD0001C', 'español, zapoteco', 'no', 'dexterete10', 'Reforma Educativa', 'Modelo Educativo Modular', 'Actualización de tu área', NULL, NULL, NULL, 'Brindar una educación de excelencia'),
(183, 'MARA910917MOCXGN09', 'ANA KAREN MAXIMIANO REGINO', '9512562401', 'karen.maximiano@hotmail.com', '20EBD0042C', 'Mixe, Español', 'no', 'MARA1960', NULL, 'Modelo Educativo Modular', 'Actualización de tu área', 'Diseño de estrategias didáctivas', NULL, 'Desarrollar competencias docentes', 'QUE NOS PROPORCIONEN INFORMACIÓN, MATERIAL Y ESTRATEGIAS DIDÁCTICAS SUFICIENTES EN EL ÁREA DE MATEMÁTICAS'),
(184, 'RAPV760109MVZMLC14', 'MARIA VICTORIA RAMIREZ PALMA', '', 'vicky_cam12@hotmail.com', '20EBD0014G', 'Español', 'si', 'danita22', NULL, NULL, 'Actualización de tu área', 'Diseño de estrategias didáctivas', 'Evaluar aprendizaje', NULL, ''),
(185, 'MOCT790111HOCRRZ09', 'TIZOC MORGAN DE LA CRUZ', '9711371154', 'BIDXIA@HOTMAIL.COM', '20EBD0043B', 'ESPAÑOL Y ZAPOTECO', 'si', 'GUCHACHI', NULL, NULL, NULL, NULL, NULL, NULL, ''),
(186, 'OIOE780425MOCLRV07', 'EVA OLIVERA ORTEGA', '9512038459', 'evaoliveraor@gmail.com', '20EBD0016E', 'Espapol', 'no', '2017', NULL, NULL, NULL, 'Diseño de estrategias didáctivas', 'Evaluar aprendizaje', 'Desarrollar competencias docentes', ''),
(187, 'SASE871219HOCNNP08', 'EPIFANIO SANTIAGO SANTOS', '9512535668', 'sant-san@live.com.mx', '20EBD0048X', 'SASE871219', 'no', 'h1%KjFfZ', NULL, 'Modelo Educativo Modular', NULL, 'Diseño de estrategias didáctivas', NULL, NULL, 'Orientación en hacer planeaciones medulares de las líneas de investigación y las estrategias didácticas para el aprendizaje eficaz de los estudiantes durante el módulo'),
(188, 'CAHE820125MOCRRL00', 'ELVIRA CARRERA HERNANDEZ', '9511315921', 'elvis_carrera@yahoo.com', '20EBD0025M', 'Nahuatl', 'no', 'peras25', NULL, NULL, 'Actualización de tu área', 'Diseño de estrategias didáctivas', NULL, NULL, ''),
(189, 'JIFA790801HOCMBN12', 'ANGEL AMBROCIO JIMENEZ FABIAN', '', 'iaz.angeljimenez@hotmail.com', '20EBD0043B', 'Español', 'si', 'ANGEL1', NULL, NULL, 'Actualización de tu área', 'Diseño de estrategias didáctivas', 'Evaluar aprendizaje', 'Desarrollar competencias docentes', ''),
(190, 'MAPD561211HOCRRN08', 'DANIEL MARTINEZ PERALTA', 'Cel- 9512652846 y  Fijo 5131553', 'danielbic2003@yahoo.com.mx', '20EBD0044A', 'Mixe', 'no', 'DMP54', NULL, NULL, 'Actualización de tu área', 'Diseño de estrategias didáctivas', 'Evaluar aprendizaje', 'Desarrollar competencias docentes', 'Que se cumpla con la guía temática del curso'),
(191, 'CAHF841026HOCRRS05', 'FAUSTINO CARRERA HERNANDEZ', '9511306839', 'faher.direction@gmail.com', '20EBD0011J', 'Español', 'no', 'FAHER', 'Reforma Educativa', 'Modelo Educativo Modular', 'Actualización de tu área', NULL, NULL, 'Desarrollar competencias docentes', 'La plataforma no funciona bien'),
(192, 'BAGJ840814HOCTRS01', 'JOSE BAUTISTA GARCIA', '9531097390', 'ing.jobaga14@hotmail.com', '20EBD0007X', 'español', 'no', 'jese2015', NULL, 'Modelo Educativo Modular', 'Actualización de tu área', 'Diseño de estrategias didáctivas', 'Evaluar aprendizaje', 'Desarrollar competencias docentes', 'A partir del primer congreso cseiio 2017, espero para el área de matemáticas se impartan temas pertinentes al diseño de situaciones de aprendizaje, que permitan abrir los panoramas académicos para mejorar el proceso de ensanza - aprendizaje en los jóvenes de los Bachilleratos Integrales Comunitarios.'),
(193, 'RICV870903MOCVBN03', 'VANESSA RIVERA CABELLO', '9531089128', 'vane_474_4@hotmail.com', '20EBD0007X', 'español', 'no', 'sofiateamo', NULL, NULL, 'Actualización de tu área', 'Diseño de estrategias didáctivas', 'Evaluar aprendizaje', NULL, ''),
(194, 'HECM740922HTLRMG17', 'MIGUEL ANGEL HERNANDEZ CAMACHO', '9512442144', 'bic06@oaxaca.gob.mc', '20EBD0006Y', 'Español', 'si', '8762', 'Reforma Educativa', NULL, 'Actualización de tu área', NULL, 'Evaluar aprendizaje', NULL, ''),
(195, 'JIFC710225HOCMGS00', 'CESAREO JIMENEZ FIGUEROA', '2878719128', 'liyavana_71@hotmail.com', '20EBD0023O', 'español', 'no', 'jifc710225', NULL, NULL, 'Actualización de tu área', NULL, 'Evaluar aprendizaje', NULL, 'espero obtener información a cerca de como emplear los temas abordados en los componentes para la interpretación, ya que no tengo información al respecto de conceptos  y procedimientos juridicos..saludos.'),
(196, 'CAMC801019HOCBRR03', 'CARLOS ALBERTO CABRERA MARTINEZ', '9512225872', 'ccabrera@comunidad.unam.mx', '20EBD0030Y', 'Zapoteco (planicie costera), Catalán (valenciano), Español (latino)', 'no', '101994', NULL, 'Modelo Educativo Modular', 'Actualización de tu área', 'Diseño de estrategias didáctivas', 'Evaluar aprendizaje', NULL, 'Espero se de énfasis a nuestro modelo educativo MEII.'),
(197, 'MECJ811225HOCJSS04', 'JESUS EMMANUEL MEJIA CASIQUE', '9513437924', 'mejia_casique@hotmail.com', '20EBD0003A', 'Español', 'no', 'espexcimen0610', NULL, NULL, 'Actualización de tu área', 'Diseño de estrategias didáctivas', 'Evaluar aprendizaje', 'Desarrollar competencias docentes', 'ESPERO CUMPLA CON MIS EXPECTATIVAS.\r\nSALUDOS.'),
(198, 'DIAM791130MOCGQR07', 'MIREYA DIEGO AQUINO', '9512045011', 'dillbaan@hotmail.com', 'CSEIIOOFCRT', 'zapoteco, español, inglés 70 %', 'no', 'deya', NULL, NULL, 'Actualización de tu área', NULL, NULL, NULL, ''),
(199, 'QUMM750120HGTLRR02', 'J MARGARITO QUILLO MARTINEZ', '9512426269', 'mquillo1975se@hotmail.com', '20EBD0040E', 'español', 'no', 'ximena27112004', NULL, NULL, 'Actualización de tu área', 'Diseño de estrategias didáctivas', NULL, 'Desarrollar competencias docentes', 'cumpla con elementos necesarios para desarrollar mejor las sesiones en los planteles.'),
(200, 'VASV850218MOCLNL06', 'VIOLETA VALENCIA DE LOS SANTOS', '9511422846', 'lala7712@hotmail.com', '20EBD0021Q', 'español', 'no', 'BEBESIN', NULL, NULL, NULL, 'Diseño de estrategias didáctivas', NULL, NULL, 'Hoy en día es de vital importancia estar actualizados no solo en nuestra area sino en distintos ejes de la Educación'),
(201, 'PEVJ810503HOCRRS08', 'JOSU? SALVADOR P?REZ VARGAS', '9511187138', 'mixecano_81@hotmail.com', '20EBD0012I', 'Español, mixe', 'si', 'Ayuujk', NULL, 'Modelo Educativo Modular', NULL, 'Diseño de estrategias didáctivas', 'Evaluar aprendizaje', NULL, ''),
(202, 'CAMG791103HOCBJM07', 'GAMALIEL CABALLERO MEJ?A', '9512540498', 'gamalielcm@hotmail.com', '20EBD0015F', 'español', 'no', 'Edith2000', 'Reforma Educativa', 'Modelo Educativo Modular', 'Actualización de tu área', NULL, 'Evaluar aprendizaje', NULL, ''),
(203, 'oivf720518hocrlr05', 'FRANCISCO JAVIER  ORTIZ VALDIVIESO', '9711028276', 'fco_javier729@hotmail.com', '20EBD0012I', 'espoñol, zapoteco', 'no', 'tecovaliente', NULL, NULL, 'Actualización de tu área', 'Diseño de estrategias didáctivas', NULL, 'Desarrollar competencias docentes', '!\"#$$%&////'),
(204, 'JIMG820411MOCMRL01', 'GLORIA ISABEL JIMENEZ MARISCAL', '9511829290', 'isabel_g01@hotmail.com', '20EBD0035T', 'Español', 'no', 'tr3mulant', NULL, 'Modelo Educativo Modular', 'Actualización de tu área', NULL, 'Evaluar aprendizaje', 'Desarrollar competencias docentes', ''),
(205, 'LOGG850507MOCPRS04', 'GISELA REINA LOPEZ GARCIA', '9511803278', 'giselarlg8-5@hotmail.com', '20EBD0045Z', 'Mixteco', 'no', 'gisela1985upav', 'Reforma Educativa', 'Modelo Educativo Modular', 'Actualización de tu área', 'Diseño de estrategias didáctivas', 'Evaluar aprendizaje', 'Desarrollar competencias docentes', 'Me parece muy interesante todo el programa.'),
(206, 'HERJ631007HOCRZL05', 'JULIAN EDUARDO HERNANDEZ RUIZ', '9511777715', 'vinculacioncseiio@gmail.com', 'CSEIIOOFCRT', 'español', 'si', 'FAISAN27', NULL, 'Modelo Educativo Modular', NULL, NULL, NULL, NULL, 'EXCELENTE IDEA'),
(207, 'MASY960903MOCRNL07', 'YOLANDA MARTINEZ SANTIAGO', '9513597726', 'yolis-030996@hotmail.com', '20EBD0036S', 'Chatino, español', 'no', '3579', NULL, NULL, 'Actualización de tu área', NULL, NULL, NULL, ''),
(208, 'cavf860701hochrl08', 'FELICIANO CHAZAREZ VARGAS', '2361123202', 'feliciano_113@hotmail.com', '20EBD0003A', 'mazateco', 'no', 'conejo', 'Reforma Educativa', 'Modelo Educativo Modular', 'Actualización de tu área', 'Diseño de estrategias didáctivas', 'Evaluar aprendizaje', 'Desarrollar competencias docentes', 'los cursos me sirven de distintas maneras'),
(209, 'RUCR870313HOCZRG01', 'ROGELIO RUIZ CARRIZOSA', '9513148167', 'lacushi@gmail.com', '20EBD0022P', 'mazateco y español', 'no', 'jade101014', NULL, NULL, 'Actualización de tu área', 'Diseño de estrategias didáctivas', 'Evaluar aprendizaje', 'Desarrollar competencias docentes', ''),
(210, 'NUPM781012HCSCRR01', 'MARIO ALBERTO NUCAMENDI PEREZ', '9711018158', 'pichojo1210@hotmail.com', '20EBD0027K', 'español', 'no', 'mario1210', NULL, 'Modelo Educativo Modular', NULL, 'Diseño de estrategias didáctivas', NULL, 'Desarrollar competencias docentes', 'Espero obtener herramientas para mejorar mi practica docente.'),
(211, 'CUGO770312HOCRLM03', 'OMAR CRUZ GALLEGOS', '9711208034', 'gallegos7712@hotmail.com', '20EBD0027K', 'castellano y zapoteco del ismo', 'no', 'calamar77', NULL, 'Modelo Educativo Modular', 'Actualización de tu área', 'Diseño de estrategias didáctivas', NULL, NULL, ''),
(212, 'RACA850101HOCNLN06', 'JOSE ANGEL RANGEL CUELLAR', '9512811215', 'nine.ikoots@gmail.com', '20EBD0036S', 'huave', 'no', 'chey5810', NULL, NULL, 'Actualización de tu área', 'Diseño de estrategias didáctivas', NULL, NULL, 'Que sean instructores capacitado'),
(213, 'GASA860207MOCRNN09', 'ANNABEL GARCIA SANTIAGO', '9531332745', 'santiago.anabelgarcia@gmail.com', '20EBD0007X', 'Ninguno', 'no', 'bonita', 'Reforma Educativa', NULL, 'Actualización de tu área', 'Diseño de estrategias didáctivas', NULL, NULL, ''),
(214, 'LOSI810217MOCPNS01', 'ISAURA LOPEZ SANCHEZ', '9512977620', 'ing.isa.lopez@gmail.com', '20EBD0044A', 'español', 'si', 'rodrigohernandez', NULL, NULL, 'Actualización de tu área', 'Diseño de estrategias didáctivas', 'Evaluar aprendizaje', NULL, 'El curso me  genera buenas expectativas, leí sobre los talleres y se me hacen muy interesantes, además las dinámicas que se presuponen se me hacen congruentes con nuestra actividad docente'),
(215, 'GOEY910316MOCMSD04', 'YADIRA GOMEZ ESTEBAN', '2878811037', 'ari_1628@hotmail.com', '20EBD0028J', 'chinanteco', 'no', 'gomez1628', NULL, 'Modelo Educativo Modular', 'Actualización de tu área', 'Diseño de estrategias didáctivas', NULL, 'Desarrollar competencias docentes', 'muy buenas tardes, solo espero que en el transcurso del congreso y de la actualizacion cada docente de las distintas areas academicas nos llevemos experiencia que nos sirva para compartirlas con los estudiantes.'),
(216, 'MOMS891014HOCRRB07', 'SABAS ROLANDO MORENO MARTINEZ', '9511589543', 'sabas8914@hotmail.com', '20EBD0013H', 'Español e inglés', 'no', '8914', NULL, NULL, NULL, 'Diseño de estrategias didáctivas', NULL, NULL, ''),
(217, 'DOTC760523HOCLLR07', 'CARLOS ROBERTO DOLORES TOLEDO', '9721084385', 'crdl278@hotmail.com', '20EBD0004Z', 'español', 'no', 'kbvi', 'Reforma Educativa', NULL, NULL, NULL, NULL, NULL, ''),
(218, 'QUGF870403HOCJRR08', 'FRANCISCO QUIJANO GRACIDA', '2361111448', 'fquijanogracida23@gmail.com', '20EBD0034U', 'mazateco', 'no', 'diablito34', NULL, NULL, 'Actualización de tu área', 'Diseño de estrategias didáctivas', NULL, NULL, 'Espero aprender mucho y poner el conocimiento en practica en mi plantel y contribuir para un mejor alcance académico de los estudiantes'),
(219, 'PEHR790204HMCRRG07', 'RIGOBERTO PEREZ HERRERA', '9531499620', 'rph_09@hotmail.com', '20EBD0048X', 'Español', 'no', 'rigo', NULL, NULL, NULL, 'Diseño de estrategias didáctivas', NULL, NULL, ''),
(220, 'LOGD910509HOCPNM00', 'DAMIAN LOPEZ GUENDULAIN', '9511684362', 'lo_pez91@hotmail.com', '20EBD0003A', 'español', 'no', 'chammy91', 'Reforma Educativa', NULL, 'Actualización de tu área', NULL, NULL, NULL, 'Espero lo mejor'),
(221, 'DIME700306MOCZNL05', 'ELENA PATRICIA DIAZ MENDOZA', '9511075090', 'elenapatricia70@hotmail.com', '20EBD0046Z', 'espanol', 'no', 'patito', NULL, NULL, NULL, NULL, NULL, NULL, ''),
(222, 'DIME700306MOCZNL05', 'ELENA PATRICIA DIAZ MENDOZA', '9511075090', 'elenapatricia70@hotmail.com', '20EBD0046Z', 'DIME700306MOCZNL05l', 'no', 'patito', NULL, NULL, NULL, NULL, NULL, NULL, ''),
(223, 'DIME700306MOCZNL05', 'ELENA PATRICIA DIAZ MENDOZA', '9511075090', 'elenapatricia70@hotmail.com', '20EBD0046Z', 'DIME700306MOCZNL050306MOCZNL05l', 'no', 'patito', NULL, NULL, NULL, NULL, NULL, NULL, ''),
(224, 'GUAH790215HOCTLG03', 'HUGO GUTIERREZ ALCALA', '951 1010612', 'hugo_alcala@hotmail.com', '20EBD0016E', '', 'no', 'hugo', NULL, NULL, 'Actualización de tu área', NULL, 'Evaluar aprendizaje', NULL, ''),
(225, 'SAMJ720308HOCNRN03', 'JUAN JOSE SANTIAGO MARTINEZ', '2878814574', 'juanjosantiago_2005@outlook.es', '20EBD0023O', 'Español', 'no', '1972', NULL, NULL, NULL, 'Diseño de estrategias didáctivas', 'Evaluar aprendizaje', NULL, 'Me parece idóneos los temas del curso'),
(226, 'DICF811124HOCZRR00', 'FRANCISCO JAVIER DIAZ CRISTOBAL', '9512906000', 'cristo_negro123@hotmail.com', '20EBD0003A', 'Zapoteco, español', 'si', '24fjd', 'Reforma Educativa', 'Modelo Educativo Modular', NULL, NULL, 'Evaluar aprendizaje', NULL, 'QUE ESTA SEMANA DE FORMACIÓN ACADÉMICA, SEA PARA POTENCIAR NUESTRAS HABILIDADES A BENEFICIO DE LOS JÓVENES Y SEÑORITAS DE CADA REGIÓN, DONDE SE ENCUENTRA UN BACHILLERATO INTEGRAL COMUNITARIO.'),
(227, 'MAMY811104MOCRRC02', 'YUCITA MART?NEZ MART?NEZ', '9511366809', 'yucyta@hotmail.com', '20EBD0044A', 'Español', 'no', 'roaveli4', 'Reforma Educativa', 'Modelo Educativo Modular', NULL, NULL, NULL, NULL, ''),
(228, 'MAMY811104MOCRRC02', 'YUCITA MART?NEZ MART?NEZ', '9511366809', 'yucyta@hotmail.com', '20EBD0044A', 'Español', 'no', 'roaveli4', 'Reforma Educativa', 'Modelo Educativo Modular', NULL, NULL, NULL, NULL, ''),
(229, 'SATJ760125HOCNRV05', 'JUVENTINO ENRIQUE  SANTIAGO TRUJILLO', '9511249683', 'alfa2576@hotmail.com', '20EBD0011J', 'Español', 'si', 'kindishu', NULL, NULL, 'Actualización de tu área', 'Diseño de estrategias didáctivas', 'Evaluar aprendizaje', NULL, ''),
(230, 'Aurf840218hocqdl17', 'FELIX AQUINO RODRIGUEZ', '9511614411', 'felix.aquino.rodriguez@gmail.com', '20EBD0014G', 'Español', 'no', 'elvagoboys6', 'Reforma Educativa', NULL, 'Actualización de tu área', 'Diseño de estrategias didáctivas', NULL, 'Desarrollar competencias docentes', ''),
(231, 'soar870912hocsqm01', 'RAMIRO SOSA AQUINO', '9515448022', 'soar12@live.com.mx', '20EBD0013H', 'Español', 'si', 'RSA12', 'Reforma Educativa', NULL, 'Actualización de tu área', NULL, NULL, NULL, ''),
(232, 'LUAI841209HOCCRS04', 'ISAEL LUCIANO ARCO', '9511010026', 'luciano.arco@live.com', '20EBD0036S', 'español', 'si', '09LA', NULL, NULL, 'Actualización de tu área', 'Diseño de estrategias didáctivas', NULL, NULL, 'se espera sea muy productivo'),
(233, 'VECJ930730HOCLRV01', 'JAVIER VELAZQUEZ CARRERA', '9511455570', 'astro.1993@hotmail.com', '20EBD0006Y', 'Español, Mazateco', 'no', 'naxinanda', NULL, NULL, NULL, NULL, NULL, 'Desarrollar competencias docentes', 'Considero importante sobre el conocimiento y análisis de las competencias docentes porque a partir de ello puedes adquirir mayor conocimiento sobre el dinamismo de trabajo en distintos contextos y te ayudara a desempeñar mejor tu trabajo.'),
(234, 'BARM740922HOCLSR09', 'MARIANO BLAS RASGADO', '9717298920', 'binidxhaba74@gmail.com', '20EBD0012I', 'inglés, español', 'no', '0974', NULL, NULL, 'Actualización de tu área', 'Diseño de estrategias didáctivas', NULL, 'Desarrollar competencias docentes', 'deseo que los talleres sean más productivos'),
(235, 'GUVL880512HOCZLS05', 'LUIS FERNANDO GUZM?N VILLALOBOS', '9512295673', 'experimentales31@hotmail.com', '20EBD0018C', 'Español', 'no', 'bic18', 'Reforma Educativa', 'Modelo Educativo Modular', NULL, NULL, NULL, NULL, ''),
(236, 'AEMO800629HOCVNM13', 'OMAR AVENDAÑO MONTALVO', '9512398841', 'amo_chil_2012@hotmail.com', '20EBD0003A', 'Mazateco', 'no', '1400', NULL, NULL, 'Actualización de tu área', 'Diseño de estrategias didáctivas', NULL, NULL, 'Estoy muy contento que personal del politécnico lo imparta'),
(237, 'YEAE861028MOCSRL05', 'ELVIA YESCAS ARREOLA', '9511864239', 'elvia_year@hotmail.com', '20EBD0009V', 'Español', 'no', 'yea2', NULL, NULL, 'Actualización de tu área', NULL, NULL, NULL, ''),
(238, 'BAAS870704MOCTGL01', 'SILVIA BAUTISTA AGUILAR', '9531425548', 'sibaa_47@hotmail.com', '20EBD0018C', 'Mixteco', 'no', 'CHINA4', NULL, NULL, 'Actualización de tu área', NULL, NULL, NULL, ''),
(239, 'MADS820922MOCRZN00', 'SANDRA IVETT MARTINEZ DIAZ', '044 951 219 60 81', 'pegaso_82@hotmail.com', '20EBD0029I', 'español', 'no', 'SIMD', NULL, 'Modelo Educativo Modular', NULL, 'Diseño de estrategias didáctivas', NULL, 'Desarrollar competencias docentes', 'Los temas de los talleres me parecen muy interesantes.'),
(240, 'MANI880222MOCRCS02', 'ISABEL MARTINEZ NICOLAS', '9531265928', 'mn.isabel22@gmail.com', '20EBD0018C', 'Castellano', 'no', 'bb88razones', 'Reforma Educativa', 'Modelo Educativo Modular', 'Actualización de tu área', 'Diseño de estrategias didáctivas', 'Evaluar aprendizaje', 'Desarrollar competencias docentes', 'Es importante que se implemente este tipo de cursos, por que un buen docente debe mantenerce en constante y continua aprendizaje.'),
(241, 'GAOE801013HOCRLD05', 'EDUARDO GARCIA OLIVERA', '2835967704', 'ikaniax@gmail.com', '20EBD0005Z', 'Español', 'no', 'lalo', NULL, NULL, NULL, 'Diseño de estrategias didáctivas', NULL, NULL, ''),
(242, 'SADL820218MOCNZC05', 'LUCIA SANTIAGO DIAZ', '2835967704', 'ikaniax@gmail.com', '20EBD0005Z', 'ZAPOTECO Y ESPAÑOL', 'no', 'NISA', NULL, NULL, NULL, 'Diseño de estrategias didáctivas', NULL, NULL, ''),
(243, 'SADL820218MOCNZC05', 'LUCIA SANTIAGO DIAZ', '2835967704', 'ikaniax@gmail.com', '20EBD0005Z', 'ZAPOTECO Y ESPAÑOL', 'no', 'NISA', NULL, NULL, NULL, 'Diseño de estrategias didáctivas', NULL, NULL, ''),
(244, 'BALG730818MOCTPL09', 'GUILLERMINA BAUTISTA LOPEZ', '9535567674', 'balogui_18@hotmail.com', '20EBD0018C', 'Español', 'si', 'balogui', NULL, NULL, 'Actualización de tu área', 'Diseño de estrategias didáctivas', NULL, NULL, 'Bueno'),
(245, 'LORM800822HOCPMR06', 'MARCOS LOPEZ RAMIREZ', '9531004414', 'malora74@hotmail.com', '20EBD0025M', 'Español', 'si', 'malo', NULL, NULL, 'Actualización de tu área', 'Diseño de estrategias didáctivas', NULL, NULL, 'espero sea de mucho aprendizaje que se pueda aplicar en el aula'),
(246, 'MEJC781228HOCJLS05', 'CESAREO MEJIA JULIAN', '(951) 1679089', 'cmjulian_1978@hotmail.com', '20EBD0015F', 'español', 'no', '2779285', NULL, NULL, 'Actualización de tu área', NULL, NULL, NULL, 'Con esta nueva modalidad de trabajo, espero intercambiar experiancias para poder aplicarlo en mi práctica docente.'),
(247, 'ZAIS861216MOCRNN07', 'SANDRA LUZ ZARATE INCLAN', '9711122213', 'luzsoni_20@hotmail.com', '20EBD0038Q', 'español', 'no', '1626', NULL, NULL, NULL, 'Diseño de estrategias didáctivas', NULL, NULL, ''),
(248, 'Saci851119mocnrr01', 'IRAIS SANCHEZ CRUZ', '9511972224', 'saci89@hotmail.com', '20EBD0007X', 'Español', 'no', '0812', NULL, NULL, 'Actualización de tu área', 'Diseño de estrategias didáctivas', 'Evaluar aprendizaje', NULL, 'Que exista relacion teoría -practica y esten orientados a aprendizajes situados de las UAC'),
(249, 'PAGC790827HOCCNN06', 'CANDIDO PACHECO GONZALEZ', '', 'sistempagc@hotmail.com', '20EBD0004Z', '', 'no', 'sistemas27', NULL, NULL, 'Actualización de tu área', 'Diseño de estrategias didáctivas', 'Evaluar aprendizaje', 'Desarrollar competencias docentes', ''),
(250, 'PEML781020MOCRRT08', 'LETICIA PEREZ MERINO', '9541272682', 'lety_perez20@hotmail.com', '20EBD0024N', 'Español, mixteco', 'no', 'lety', NULL, NULL, 'Actualización de tu área', 'Diseño de estrategias didáctivas', NULL, NULL, 'Que el curso se desarrolle  de acuerdo a las necesidades en que se encuentre  docente en la comunidad donde desarrolla sus actividades académicas.'),
(251, 'REME861118HOCYRL08', 'ELIHU AZAEL REYES MARTINEZ', '9512770655', 'azael.pyme@gmail.com', '20EBD0017D', 'ESPAÑOL,', 'si', 'AZEROTH02', 'Reforma Educativa', NULL, 'Actualización de tu área', NULL, NULL, 'Desarrollar competencias docentes', ''),
(252, 'MAAE790107MOCRNL07', 'ELIZABETH MARQUEZ ANDRES', '9512341506', 'elimar_719@hotmail.com', '20EBD0042C', 'español', 'no', 'eema', NULL, 'Modelo Educativo Modular', 'Actualización de tu área', NULL, 'Evaluar aprendizaje', 'Desarrollar competencias docentes', ''),
(253, 'roll850530mocbpz08', 'LIZBETH ROBLES LOPEZ', '9512871551', 'liz_maaba@hotmail.com', '20EBD0035T', 'Español', 'no', 'U7AekgV8', NULL, 'Modelo Educativo Modular', 'Actualización de tu área', NULL, NULL, 'Desarrollar competencias docentes', ''),
(254, 'PXDA871109MOCRNR00', 'ARACELY PEREZ DIONICIO', '2831008106', 'CELY_APD@HOTMAIL.COM', '20EBD0048X', 'Español', 'no', 'aracely97', 'Reforma Educativa', 'Modelo Educativo Modular', 'Actualización de tu área', 'Diseño de estrategias didáctivas', 'Evaluar aprendizaje', 'Desarrollar competencias docentes', 'Que nos enseñen estrategias para el desarrollo de la comprensión lectora, y habilidades de escritura.'),
(255, 'PECE861026MOCLNS09', 'ESTRELLA PELAEZ CUENCA', '9535202112', 'guadalupe198614@hotmail.com', '20EBD0031X', 'Mixteco', 'no', 'estrella', NULL, NULL, NULL, NULL, NULL, 'Desarrollar competencias docentes', ''),
(256, 'SAHR720322HOCNRB08', 'ROBERTO SANCHEZ HERNANDEZ', '9513131085', 'sanchezz_beto@hotmail.com', '20EBD0042C', 'Español, Mixteco', 'no', 'U7AekgV8', NULL, NULL, 'Actualización de tu área', 'Diseño de estrategias didáctivas', NULL, NULL, ''),
(257, 'MAFG891218MOCRLL09', 'GLADIS MARTINEZ FLORES', '9511514786', 'nigulaxhidza@gmail.com', '20EBD0044A', 'Zapoteco  variante del rincón,  castellano', 'no', 'nayo', NULL, NULL, 'Actualización de tu área', 'Diseño de estrategias didáctivas', NULL, NULL, ''),
(258, 'aara840927mocpmd06', 'AIDEE ROSA APARICIO RAMIREZ', '951 119 8090', 'aide.aparicio1@gmail.com', '20EBD0011J', 'castellano', 'no', 'aparicio.Aid', NULL, NULL, 'Actualización de tu área', 'Diseño de estrategias didáctivas', 'Evaluar aprendizaje', 'Desarrollar competencias docentes', ''),
(259, 'TOOI800805HOCRSS12', 'ISAURO OTH?N TORRES OSORIO', '9512559498', 'otoo_otoo@hotmail.com', '20EBD0026L', 'Español', 'si', 'otoo', NULL, 'Modelo Educativo Modular', NULL, NULL, NULL, NULL, ''),
(260, 'FAMN850908MOCRRY05', 'NAYELI FRANCISCO MARTINEZ', '287131793', 'mtz_56@hotmail.com', '20EBD0019B', 'Español', 'no', 'GERARDO', NULL, 'Modelo Educativo Modular', NULL, NULL, NULL, NULL, ''),
(261, 'SACP910911HOCNSL02', 'PAUL ROMARIO SANTIAGO CASTILLEJOS', '9711520865', 'paul-mejor@hotmail.com', '20EBD0019B', 'Español, Ingles y Zapoteco.', 'si', 'bic21', NULL, NULL, NULL, 'Diseño de estrategias didáctivas', NULL, NULL, ''),
(262, 'CUGT820125HOCRRL09', 'TLALOC CRUZ GARCIA', '9515440470', 'cruzg82tl@gmail.com', '20EBD0003A', 'Español', 'no', 'red_hat25', NULL, NULL, 'Actualización de tu área', NULL, NULL, NULL, 'El curso se desarrolle con actividades acordes al contexto educativo de los Bachilleratos Integrales Comunitarios, para beneficio de la comunidad estudiantil.'),
(263, 'OORI851117MOCRYS04', 'ISABEL OROZCO RAYMUNDO', '9511605428', 'isabic05@hotmail.com', '20EBD0005Z', 'zapoteco', 'no', 'cora', NULL, NULL, NULL, NULL, 'Evaluar aprendizaje', 'Desarrollar competencias docentes', 'Que sea novedoso'),
(264, 'ZARS780523MOCRBN09', 'SANDRA ZARATE ROBLES', '9541506829', 'sandrazr23@yahoo.com.mx', '20EBD0008W', '', 'no', 'sa23', NULL, NULL, NULL, 'Diseño de estrategias didáctivas', 'Evaluar aprendizaje', NULL, 'Mi interés es aprender para mejorar mi labor docente.'),
(265, 'VALM751004MOCSPR01', 'MARIA VASQUEZ LOPEZ', '95I1611746', 'itayo_o04@hotmail.com', '20EBD0007X', 'mixteco,español', 'no', 'MITZI', NULL, NULL, 'Actualización de tu área', 'Diseño de estrategias didáctivas', 'Evaluar aprendizaje', 'Desarrollar competencias docentes', 'ESPERO APRENDER Y APREHENDER NUEVOS CONOCIMIENTOS EN EL CURSO.'),
(266, 'gocd900716mdfmrr00', 'DARINKA VIRGINIA GOMEZ CRISTOBAL', '9711699745', 'dani_vir_7@hotmail.com', '20EBD0030Y', 'español', 'no', 'mihijo', NULL, NULL, 'Actualización de tu área', 'Diseño de estrategias didáctivas', NULL, NULL, 'Delito cibernético: ¿Cómo prevenir, atender y brindar apoyo en acoso cibernético?'),
(267, 'VALT861115HOCSPM02', 'TOMAS EUGENIO VASQUEZ LOPEZ', '9512124533', 'valot1115@gamil.com', '20EBD0017D', 'mixteco,español', 'si', 'elsi', 'Reforma Educativa', 'Modelo Educativo Modular', 'Actualización de tu área', 'Diseño de estrategias didáctivas', 'Evaluar aprendizaje', 'Desarrollar competencias docentes', ''),
(268, 'VAAA800107MGRRGD09', 'AIDE VARGAS AGUSTIANO', '9541077659', 'aimee_0907@hotmail.com', '20EBD0024N', 'Español', 'si', 'mate', NULL, NULL, NULL, NULL, 'Evaluar aprendizaje', NULL, 'Conocer como saber que el estudiante ha aprendido'),
(269, 'AOHF751221MOCNRR08', 'FRANCISCA ANTONIO HERN?NDEZ', '9511009141', 'mariposa78_1@hotmail.com', 'UESA1612', 'Castellano', 'no', 'fa17', NULL, NULL, NULL, 'Diseño de estrategias didáctivas', NULL, NULL, 'Hace falta agregar temas relacionados con la función directiva desde el enfoque comunitario. También le sugiero revisar la ortografía.'),
(270, 'GACB730314HOCRML05', 'BALDEMAR GARCIA CAMACHO', '9711141656', 'bgcamacho@outlook.com', '20EBD0008W', 'español', 'no', 'jsgv', 'Reforma Educativa', NULL, NULL, 'Diseño de estrategias didáctivas', NULL, NULL, 'Espero sea un parteaguas en los procesos de actualización y formación docentes, ya que es una necesidad en  la nueva manera de hacer educación.'),
(271, 'NASC831208MCSTLN16', 'CONCEPCION NATAREN SILIAS', '9681082248', 'conasi_21@hotmail.com', '20EBD0041D', 'español', 'no', 'naty22', NULL, NULL, 'Actualización de tu área', 'Diseño de estrategias didáctivas', NULL, 'Desarrollar competencias docentes', 'Espero que el curso que se impartira contribuya a nuestra formaciòn como docentes'),
(272, 'SABM660414HOCLRN01', 'MANUEL NOE SALAZAR BARRAGAN', '9511642695', 'salazar186@outlook.com', 'CSEIIOOFCRT', 'ingles y español', 'si', '14MM66NN', NULL, NULL, NULL, NULL, 'Evaluar aprendizaje', NULL, ''),
(273, 'SAMC790202HOCLRN02', 'CANDIDO SALINAS MARTINEZ', '0449512681462', 'riosantiago76@hotmail.com', '20EBD0009V', '', 'si', 'bic09candido', NULL, 'Modelo Educativo Modular', 'Actualización de tu área', 'Diseño de estrategias didáctivas', NULL, NULL, ''),
(274, 'HEVL740211MOCRSR05', 'MARIA DE LOURDES HERNANDEZ VASQUEZ', '9511966252', 'uchihaitachi_27@hotmail.com', 'CSEIIOOFCRT', 'Español', 'no', 'lulu9876', 'Reforma Educativa', 'Modelo Educativo Modular', NULL, NULL, NULL, NULL, ''),
(275, 'SAMA741214MDFLNN03', 'ANA LAURA SALVADOR MANUEL', '9711203613', 'anylusam12@hotmail.com', '20EBD0030Y', 'Español', 'no', 'yomo', NULL, NULL, NULL, 'Diseño de estrategias didáctivas', NULL, NULL, ''),
(276, 'EARI830503MOCSYT09', 'ITHALI CINDI ESPA?A REYES', '9511274607', 'cindi_25@hotmail.com', '20EBD0023O', 'ninguno', 'no', '2708', NULL, NULL, NULL, NULL, NULL, 'Desarrollar competencias docentes', 'ME PARECE MUY INNOVADOR E INTERESANTE ES LO QUE NOS AYUDARA A NUESTRA FORMACIÓN COMO DOCENTES.'),
(277, 'SAMA781128HOCLRL06', 'ALEJANDRO SALGADO MARTINEZ', '9512202582', 'alex_buitre1@hotmail.com', '20EBD0001C', 'Español', 'si', 'salgado', NULL, 'Modelo Educativo Modular', 'Actualización de tu área', NULL, NULL, NULL, ''),
(278, 'MAOL891115MOCRJS06', 'LISBETH MARTINEZ OJEDA', '9513300817', 'lmartinezojeda05@hotmail.com', '20EBD0021Q', 'Castellano', 'no', 'martinez1989', 'Reforma Educativa', NULL, 'Actualización de tu área', 'Diseño de estrategias didáctivas', NULL, 'Desarrollar competencias docentes', ''),
(279, 'HIAD830615HOCDBV03', 'DAVID HIDALGO ABASOLO', '9512346445', 'hiad_15@hotmail.com', '20EBD0049W', 'Ombeyiüts (Huave)', 'no', 'hiad.1506', 'Reforma Educativa', NULL, 'Actualización de tu área', NULL, NULL, NULL, ''),
(280, 'CAMY880801MOCNRR18', 'YURIRIA CANSECO MARTINEZ', '2871236914', 'YURICM_LEO88@HOTMAIL.COM', '20EBD0002B', 'español', 'no', '2102', NULL, NULL, NULL, 'Diseño de estrategias didáctivas', NULL, NULL, ''),
(281, 'Oego800207HOCJZS05', 'OSCAR OJEDA GUZMAN', '9513092995', 'oscarguzman80@hotmail.com', 'CSEIIOOFCRT', 'Español inglés', 'no', '9850', NULL, 'Modelo Educativo Modular', NULL, NULL, NULL, NULL, 'Compartir experiencias con compañeros y adquirir  estrategias Didácticas para fortalecer mi labor docente.'),
(282, 'MALJ860506HOCTNN00', 'JUAN LUIS MATEOS LEON', '9511901184', 'juankuet@gmail.com', '20EBD0026L', 'español, zapoteco', 'no', 'solaga44', NULL, 'Modelo Educativo Modular', 'Actualización de tu área', 'Diseño de estrategias didáctivas', 'Evaluar aprendizaje', NULL, 'T15  imparto  la unidad de contenido de Lengua Indigena'),
(283, 'CEBC811104HOCRZR05', 'CARLOS HUGO CERVANTES BAEZ', '5578801335', 'chacalrock@hotmail.com', '20EBD0031X', 'Español', 'no', 'quetzally1731', NULL, NULL, 'Actualización de tu área', 'Diseño de estrategias didáctivas', 'Evaluar aprendizaje', 'Desarrollar competencias docentes', ''),
(284, 'SURB730331HOCCML05', 'BALBINO SCHUTLZ RAMIREZ', '9511399102', 'cenzontle1973@gmail.com', '20EBD0015F', 'mixteco, español', 'no', 'they1977', NULL, 'Modelo Educativo Modular', NULL, 'Diseño de estrategias didáctivas', 'Evaluar aprendizaje', 'Desarrollar competencias docentes', ''),
(285, 'VECE870522MDFNRL01', 'ELSA VENTURA CRISTOBAL', '0449511267427', 'elsaventurac@hotmail.com', '20EBD0016E', '', 'no', 'b2e2', NULL, 'Modelo Educativo Modular', NULL, NULL, 'Evaluar aprendizaje', NULL, ''),
(286, 'EEGE901122HOCNRD08', 'EDBERG ENCHE GUERRA', '9711440151', 'edberg_escorpion@outlook.com', '20EBD0020R', 'español', 'no', 'Cedric', NULL, NULL, NULL, NULL, NULL, NULL, ''),
(287, 'VAMW781012HOCSRL02', 'WILFRIDO VASQUEZ MARTINEZ', '9513566369', 'vmw23_12@hotmail.com', '20EBD0025M', 'Mixe, español', 'no', 'tlahui', NULL, NULL, 'Actualización de tu área', NULL, 'Evaluar aprendizaje', 'Desarrollar competencias docentes', ''),
(288, 'GAVC840515HOCLSR08', 'CRISOFORO GALLARDO VASQUEZ', '9512036286', 'kuay15@hotmail.com', 'UESA1612', 'Mixe, español', 'no', 'kwai', NULL, 'Modelo Educativo Modular', 'Actualización de tu área', NULL, NULL, NULL, ''),
(289, 'TOMJ760909HOCLNL09', 'JOEL TOLEDO MONTERO', '9711201565', 'joel_xyz@hotmail.com', '20EBD0032W', 'Zapoteco, Español, Inglés', 'no', 'xl3.3lx', 'Reforma Educativa', 'Modelo Educativo Modular', NULL, NULL, NULL, NULL, ''),
(290, 'JABA620817HOCRLD05', 'ADAN JARQUIN BLANCO', '9513945834', 'adanjb@hotmail.com', '20EBD0040E', 'español', 'si', 'chata', NULL, NULL, 'Actualización de tu área', NULL, NULL, NULL, ''),
(291, 'CAEC810302HOCRSR01', 'CARLOS CARRERA ESPEJO', '2381712616', 'jason18_180@hotmail.com', '20EBD0020R', 'español', 'no', 'carlos81', 'Reforma Educativa', NULL, NULL, 'Diseño de estrategias didáctivas', 'Evaluar aprendizaje', 'Desarrollar competencias docentes', 'espero que sea provechoso'),
(292, 'JIJE920812HOCMMD00', 'EDWIN JIMENEZ JIMENEZ', '9531094169', 'jimenezjimenezedwin@gmail.com', '20EBD0033V', 'español', 'no', '1052712', 'Reforma Educativa', 'Modelo Educativo Modular', 'Actualización de tu área', 'Diseño de estrategias didáctivas', 'Evaluar aprendizaje', 'Desarrollar competencias docentes', ''),
(293, 'GOMI780409HOCMRS06', 'ISRAEL G?MEZ MAR?N', '9545882368', 'animayu7809@hotmail.com', '20EBD0022P', 'español, mixteco', 'si', 'irra', NULL, NULL, NULL, NULL, 'Evaluar aprendizaje', NULL, 'me gustaría conocer de que forma evaluar los aprendizajes que los estudiantes van adquiriendo día a día'),
(294, 'Majm850315hocrmg06', 'MIGUEL ANGEL MARTINEZ JIMENEZ', '9513300063', 'herme_angel@hotmail.com', '20EBD0019B', 'Español, mixe', 'no', '150385', NULL, NULL, 'Actualización de tu área', 'Diseño de estrategias didáctivas', NULL, 'Desarrollar competencias docentes', ''),
(295, 'AOCE761130MOCNNL01', 'ELIZABETH ANTONIO CANO', '9512489324', 'eliza11301@hotmail.com', '20EBD0045Z', 'Español', 'no', 'eac6', NULL, NULL, NULL, NULL, NULL, 'Desarrollar competencias docentes', 'Considero importante actualizarse hoy en día para fortalecer, compartir y  aprender  nuevos conocimientos del quehacer educativo,'),
(296, 'PEZI870625MOCRRS02', 'ISRAELITA PEREZ ZARATE', '2381712615', 'lani_87@hotmail.com', '20EBD0020R', 'español, chinanteco', 'no', 'israelita1', 'Reforma Educativa', NULL, 'Actualización de tu área', NULL, NULL, NULL, ''),
(297, 'AUPI811127HOCHRS09', 'ISAAC AHUJA PAREDES', '2871426979', 'isaacayautla@yahoo.com.mx', '20EBD0023O', 'Español, mazeteco', 'no', 'ia27', NULL, NULL, NULL, NULL, 'Evaluar aprendizaje', NULL, ''),
(298, 'PADG770903HOCCZR08', 'GREGORIO PACHECO DIAZ', '9512769162', 'gregoriopachecodiaz@gmail.com', '20EBD0005Z', 'mixe', 'si', 'pacheco1727', NULL, NULL, NULL, 'Diseño de estrategias didáctivas', NULL, NULL, ''),
(299, 'MEHE860102HOCNRL02', 'ELMER MENDOZA HERNANDEZ', '9941037072', 'kuy_10@hotmail.com', '20EBD0005Z', 'zoque', 'no', '1986', NULL, NULL, 'Actualización de tu área', 'Diseño de estrategias didáctivas', NULL, 'Desarrollar competencias docentes', 'Por el momento suele ser diferente e interesante, esperemos que  cumpla con las expectativas para la formación del docente.'),
(300, 'RETH820223MOCYPM08', 'HUMBERTA MARIA REYES TAPIA', '9511092035', 'pretyy_96@hotmail.com', '20EBD0009V', 'ninguno', 'no', 'modesta', NULL, NULL, 'Actualización de tu área', 'Diseño de estrategias didáctivas', 'Evaluar aprendizaje', NULL, ''),
(301, 'Pela830630hocrpl01', 'ALBERTO PEREZ LOPEZ', '9531116129', 'tigrezoque@hotmail.com', '20EBD0004Z', 'Espanol', 'no', 'beto', NULL, NULL, 'Actualización de tu área', 'Diseño de estrategias didáctivas', 'Evaluar aprendizaje', 'Desarrollar competencias docentes', ''),
(302, 'CAHS870501MOCSRL07', 'SALIA ROXANA CASTRO HERN?NDEZ', '9512277551', 'roxixcastro@gmail.com', '20EBD0039P', 'zapoteco. español e inglés', 'no', 'ixchel260212', 'Reforma Educativa', 'Modelo Educativo Modular', NULL, NULL, NULL, NULL, ''),
(303, 'MALR830311MOCCZS19', 'ROSARIO MACHUCA LAZO', '9541507660', 'fany_machuca@hotmail.com', '20EBD0022P', 'Español', 'no', '3624', NULL, NULL, 'Actualización de tu área', NULL, NULL, NULL, 'Que sea  interesante para los  docentes'),
(304, 'MAMU820919HOCRNR00', 'URIEL ELIH? MART?NEZ M?NDEZ', '9512281379', 'bic36@oaxaca.gob.mx', '20EBD0036S', 'español', 'si', 'elcarrizal36', 'Reforma Educativa', 'Modelo Educativo Modular', NULL, NULL, NULL, NULL, ''),
(305, 'CAHL590126HOCRRB07', 'LEOBARDO CARRERA HERNANDEZ', '5527|66064', 'leobardo_chdz@yahoo.com', '20EBD0011J', 'lengua mazateca', 'no', 'bella', NULL, 'Modelo Educativo Modular', NULL, 'Diseño de estrategias didáctivas', NULL, NULL, 'Necesito más aprendizaje sobre los talleres elegidoss'),
(306, 'BERC850717MOCTMR04', 'CAROLINA BETETA RAMIREZ', '951 193 45 93', 'carobeteta@hotmail.com', '20EBD0037R', 'Español', 'no', 'CBRQ', 'Reforma Educativa', 'Modelo Educativo Modular', 'Actualización de tu área', 'Diseño de estrategias didáctivas', 'Evaluar aprendizaje', 'Desarrollar competencias docentes', 'Desde mi particular punto de vista creo que todas son necesarias, solo que unas más que otras.'),
(307, 'VAMF640604HOCRLR08', 'FRANCISCO VARGAS MALDONADO', '951 1962883', 'vargas_mal@hotmail.com', '20EBD0006Y', 'Zapoteco; cien porciento comprencion, treinta porciento hablo.', 'no', 'va64', NULL, 'Modelo Educativo Modular', 'Actualización de tu área', 'Diseño de estrategias didáctivas', NULL, NULL, 'Espero cumpla con las expectativas para el componente de formación para el trabajo.  por ser una institución de reconocimiento a nivel nacional.'),
(308, 'LOHA820118HYNPRL00', 'ALBERTO KEN REY LOPEZ HERNANDEZ', '9711196985', 'akenrey@hotmail.com', '20EBD0014G', 'Inglés básico', 'si', '1882', 'Reforma Educativa', 'Modelo Educativo Modular', 'Actualización de tu área', 'Diseño de estrategias didáctivas', 'Evaluar aprendizaje', 'Desarrollar competencias docentes', ''),
(309, 'LETL850208MOCZJC03', 'LUCIA LEZAMA TEJADA', '9511793848', 'lezama.tl0208@gmail.com', '20EBD0028J', 'español, cuicateco', 'no', 'jaylu', NULL, NULL, 'Actualización de tu área', 'Diseño de estrategias didáctivas', NULL, NULL, ''),
(310, 'CALR800517HOCNPM00', 'ROMEO CANSINO LOPEZ', '9512385488', 'rcansino@gmail.com', 'CSEIIOOFCRT', 'ninguna', 'si', 'tecnologia123', 'Reforma Educativa', 'Modelo Educativo Modular', 'Actualización de tu área', 'Diseño de estrategias didáctivas', 'Evaluar aprendizaje', 'Desarrollar competencias docentes', ''),
(311, 'RIPR791017HMCVXB03', 'RUBEN RIVERA PEÑA', '9512894996', 'berkelio42@hotmail.com', '20EBD0002B', 'español', 'no', '1979', NULL, NULL, 'Actualización de tu área', NULL, 'Evaluar aprendizaje', 'Desarrollar competencias docentes', ''),
(312, 'LOGJ710718HOCPRV05', 'JAVIER LOPEZ GARCIA', '9531155465', 'lopezgj180771@hotmail.com', '20EBD0007X', 'Ninguno', 'no', 'sanchez1', NULL, NULL, NULL, 'Diseño de estrategias didáctivas', NULL, NULL, 'Espero y sea de mucha ayuda para mejorar en mi trabajo como asesor investigador .'),
(313, 'lusr860324hocsnb17', 'RUBEN RAUL LUIS SANCHEZ', '9711571485', 'blink_2r@hotmail.com', 'UESA1612', 'español', 'no', 'Lusr860324', NULL, NULL, 'Actualización de tu área', 'Diseño de estrategias didáctivas', NULL, NULL, ''),
(314, 'SACJ750310MOCNRS08', 'JOSEFINA SANTOS CARRAZCO', '9941018472', 'josefinasancar@gmail.com', '20EBD0037R', 'español', 'no', 'santos1975', NULL, NULL, 'Actualización de tu área', 'Diseño de estrategias didáctivas', NULL, 'Desarrollar competencias docentes', 'considero necesario la actualización en cuanto a mi área respectiva y a las competencias docentes ya que son una base fundamental con el modelo  educativo al cual pertenecemos.'),
(315, 'RAGS830718HVZMMR07', 'SERGIO GARCIA GUMETA', '9711210777', 'taz_sergio8@hotmail.com', 'UESA1612', 'Español', 'no', '90se', NULL, NULL, NULL, 'Diseño de estrategias didáctivas', NULL, NULL, ''),
(316, 'HEGE871227HOCRRD06', 'EDUARDO HERNANDEZ GARCIA', '9511037793', 'biologoeduardohernandez@gmail.com', '20EBD0049W', 'Español', 'si', 'rizu', 'Reforma Educativa', 'Modelo Educativo Modular', NULL, 'Diseño de estrategias didáctivas', NULL, NULL, 'Espero que este curso sea favorable para mi formación y poder desarrollar estos conocimientos en el aula'),
(317, 'LOSA890312HOCPNB05', 'ABELINO LOPEZ SANTIAGO', '554585279', 'abelinoals7@gmail.com', '20EBD0015F', 'Español', 'no', '1289', NULL, NULL, NULL, 'Diseño de estrategias didáctivas', 'Evaluar aprendizaje', NULL, ''),
(318, 'AURL810203HOCGDR07', 'LAURENTINO AGUILAR RODRIGUEZ', '9514392181', 'linces15@hotmail.com', '20EBD0039P', 'mixe', 'no', 'aguilar15', 'Reforma Educativa', 'Modelo Educativo Modular', 'Actualización de tu área', 'Diseño de estrategias didáctivas', 'Evaluar aprendizaje', 'Desarrollar competencias docentes', ''),
(319, 'AEAR871223MOCRLB08', 'RUBI KARINA ARELLANES ALVARADO', '9512365665', 'rubi.arellanes@gmail.com', '20EBD0049W', 'Español', 'no', 'risu', 'Reforma Educativa', 'Modelo Educativo Modular', NULL, 'Diseño de estrategias didáctivas', NULL, NULL, 'agradecemos su esfuerzo para garantizar nuestra formación en mejora de la educación'),
(320, 'JOVA761024HOCSLD06', 'AUDACTO JOSE VALENCIA', '9512234154', 'tacto_35@hotmail.com', '20EBD0028J', 'Zapoteco y español', 'si', 'daefra', NULL, NULL, 'Actualización de tu área', NULL, NULL, NULL, 'Espero que sea de mucha utilidad para el desempeño de mi trabajo como docente.'),
(321, 'MAVO810102HOCRRS01', 'OSCAR MARTINEZ VARGAS', '9512176515', 'yahuio_02@hotmail.com', '20EBD0040E', 'español, zapoteco', 'no', 'protectores2011', NULL, NULL, NULL, 'Diseño de estrategias didáctivas', NULL, NULL, 'Creo que no es viable por la forma y el medio que lo están efectuando, debería ser anónimo'),
(322, 'EEAV830216HOCSSC03', 'VICTOR MANUEL ESPERON ASCONA', '9711200145', 'yokino64@hotmail.com', 'UESA1612', 'Español,Mixe (bajo), Inglés', 'no', 'masesvi83', NULL, 'Modelo Educativo Modular', NULL, NULL, NULL, NULL, ''),
(323, 'PAOA831007HOCRRR07', 'ARMANDO PAREDES ORDAZ', '921136 9775', 'ing-paredes@hotmail.com', '20EBD0032W', 'Español,Zapoteco', 'no', 'BI32', NULL, NULL, NULL, 'Diseño de estrategias didáctivas', NULL, NULL, 'Es el primer curso al que asisto en el CSEIIO, es por ello que me emociona poder recibirlo, ya que todo aprendizaje y técnicas que recibiré sera de gran utilidad para mi desempeño como docente.'),
(324, 'CAHY930119HOCLRB07', 'YUBIEL CALLEJA HERNANDEZ', '9512740122', 'yubielito@hotmail.com', '20EBD0009V', 'zapoteco, español', 'no', '3p15t3m3', 'Reforma Educativa', 'Modelo Educativo Modular', NULL, 'Diseño de estrategias didáctivas', NULL, NULL, 'Hola, me gusta mucho las ciencias sociales, soy T. 15 pero quiero actualizarme mas en cuestiones de la reforma educativa y claro, las estrategias didácticas.'),
(325, 'HERL840621HOCRMS06', 'LUIS ALBERTO HERNANDEZ RAMON', '2871267708', 'LUCK_2106@HOTMAIL.COM', '20EBD0023O', '', 'si', 'LUFY21', NULL, NULL, NULL, 'Diseño de estrategias didáctivas', NULL, NULL, ''),
(326, 'PEGL870404HOCRRN06', 'LEONEL SANTOS PEREZ GARCIA', '9531433667', 'lionsantos1987@gmail.com', '20EBD0022P', 'Mixteco', 'no', 'taso', NULL, 'Modelo Educativo Modular', 'Actualización de tu área', 'Diseño de estrategias didáctivas', NULL, 'Desarrollar competencias docentes', 'Me interesa asistir al curso'),
(327, 'MAPL881025MOCYRR06', 'LOURDES MAYORAL PEREZ', '9513667080', 'lourdesmayoral47@gmail.com', '20EBD0037R', 'español', 'no', 'mayo27', NULL, NULL, NULL, 'Diseño de estrategias didáctivas', NULL, NULL, ''),
(328, 'MALJ880906HOCLPS05', 'JESUS MALDONADO LOPEZ', '9531540043', 'chuchi885@hotmail.com', '20EBD0021Q', 'mixteco', 'no', '1988', NULL, NULL, NULL, 'Diseño de estrategias didáctivas', NULL, NULL, 'este dinámico el presente curso.'),
(329, 'GAGS910711MOCRBR05', 'SOREIDA GARCIA GABRIEL', '9514402503', 'garcia.soreida07@hotmai.com', '20EBD0037R', 'mixteco', 'no', 'le04', NULL, 'Modelo Educativo Modular', 'Actualización de tu área', 'Diseño de estrategias didáctivas', NULL, 'Desarrollar competencias docentes', 'Es de mi interés asistir al curso-taller'),
(330, 'LOOS830828HOCPSN03', 'SENEN LOPEZ OSORIO', '9717293637', 'nen2883@hotmail.com', '20EBD0043B', 'Español y solo entiendo el zapoteco', 'si', 'SIPIANI2101', NULL, NULL, 'Actualización de tu área', 'Diseño de estrategias didáctivas', 'Evaluar aprendizaje', NULL, ''),
(331, 'GOBG771003HOCNRR09', 'GERARDO GONZALEZ BURGOS', '9513286322', 'gera0028@hotmail.com', '20EBD0003A', 'ninguno', 'no', 'burgos', NULL, NULL, 'Actualización de tu área', NULL, NULL, NULL, 'espero que sea de provecho'),
(332, 'DICR900221HOCZRL03', 'RAUL DIAZ CERVANTES', '2381497719', 'raul_0290@hotmail.com', '20EBD0019B', 'nahuatl', 'no', 'teopoxco2017', NULL, NULL, 'Actualización de tu área', NULL, NULL, 'Desarrollar competencias docentes', ''),
(333, 'JUCE761026HOCRRM06', 'EMMANUELLE JUAREZ/CORTES', '9512646088', 'emma261076bic@gmail.com', '20EBD0002B', 'español, inglés 50%', 'si', 'Emmanuelle1976', NULL, NULL, NULL, 'Diseño de estrategias didáctivas', 'Evaluar aprendizaje', NULL, 'Espero que este curso me ayude a mejorar mi practica docente debido principalmente a la evaluación de aprendizajes con mis estudiantes.'),
(334, 'BAMM770429HOCTNR07', 'MARCELO BAUTISTA MENDEZ', '9513057450', 'lobo_290477@hotmail.com', '20EBD0028J', 'BAMM770429', 'si', '08050801', NULL, NULL, 'Actualización de tu área', NULL, NULL, 'Desarrollar competencias docentes', 'Obtener herramientas utiles en el desarrollo de cada actividad en las aulas de clases'),
(335, 'JIML890622HOCMRR03', 'LORENZO JIMENEZ MARTINEZ', '0449512922959', 'jimenezlaet@gmail.com', '20EBD0029I', 'Español, Zapoteco', 'no', 'BENYXIGIAE', NULL, NULL, NULL, 'Diseño de estrategias didáctivas', NULL, NULL, ''),
(336, 'PAGJ830104MOCCRN09', 'JENNY PACHECO GARCIA', '9511693246', 'd_ouglas06@hotmail.com', '20EBD0044A', '', 'no', 'bene', NULL, NULL, NULL, 'Diseño de estrategias didáctivas', 'Evaluar aprendizaje', 'Desarrollar competencias docentes', 'Grandes expectativas sobre el curso, espero que se cumplan'),
(337, 'GACR830410MOCRRC04', 'ROCIO GARCIA CARRERA', '5554624201', 'rociogarciacar@live.com.mx', 'UESA1612', '', 'no', '1983', 'Reforma Educativa', 'Modelo Educativo Modular', 'Actualización de tu área', NULL, NULL, NULL, ''),
(338, 'MAGM840110MOCRLR02', 'MARIBEL CANDELARIA MARTINEZ GALLARDO', '012364888719', 'eazul_9@hotmail.com', '20EBD0003A', 'mazateco', 'no', '3851', NULL, NULL, 'Actualización de tu área', NULL, NULL, NULL, 'que me pueda fortalecer mi labor docente'),
(339, 'LOPR811114HOCPRG04', 'RIGEL LOPEZ PEREZ', '9531260581', 'astro.7777@hotmail.com', '20EBD0025M', 'mixteco y español', 'no', 'ri81', NULL, NULL, 'Actualización de tu área', 'Diseño de estrategias didáctivas', 'Evaluar aprendizaje', 'Desarrollar competencias docentes', ''),
(340, 'PEDL840208MOCRMC06', 'LUCIA PERALTA DOMINGUEZ', '9513544844', 'Lucypsicology08_@hotmail.com', '20EBD0012I', 'Español', 'no', 'Baldo84', NULL, NULL, 'Actualización de tu área', 'Diseño de estrategias didáctivas', NULL, 'Desarrollar competencias docentes', ''),
(341, 'PACE840329MOCLVL03', 'ELIZABETH PALACIOS CAVERO', '9511364331', 'PALACIOS_CAVERO@HOTMAIL.COM', '20EBD0037R', 'ESPAÑOL', 'no', 'karakol97', NULL, 'Modelo Educativo Modular', NULL, 'Diseño de estrategias didáctivas', 'Evaluar aprendizaje', NULL, 'Se espera que el curso permita obtener herramientas para mejorar el desempeño docente, aunado a que la dinámica a implementar en este curso, suena interesante.'),
(342, 'GAAJ811223HOCRNS09', 'JESUS GABRIEL GARCIA ANTONIO', '9942638243', 'gabriel23900@hotmail.com', '20EBD0043B', 'Español.', 'no', 'esquina4', NULL, NULL, NULL, 'Diseño de estrategias didáctivas', NULL, NULL, 'Deseo tomar los conocimientos necesarios para la implementación de una mejora continua.'),
(343, 'OOLJ711201HOCCNL02', 'JULIO CESAR OCHOA LUNA', '97117511099', 'nutriaterrestre@hotmail.com', '20EBD0004Z', 'español y zapoteco del istmo', 'si', 'mishtuu', NULL, NULL, NULL, NULL, NULL, NULL, 'solicito losl cursos de desarrollo de habilidades socio emocionales y teatro herramientas didácticas'),
(344, 'GOHA800420MOCMRM08', 'AMELIA GOMEZ HERNANDEZ', '9512510110', 'amegomez8@hotmail.com', '20EBD0002B', 'español', 'no', 'am80', NULL, NULL, NULL, 'Diseño de estrategias didáctivas', NULL, NULL, ''),
(345, 'CIRL780118HOCRDM17', 'LAMBERTO CRIST?BAL T?DRIGUEZ', '9511793625', 'lambertocr@hotmail.com', '20EBD0028J', 'Mixe', 'no', '26deseptiembre', 'Reforma Educativa', NULL, NULL, NULL, NULL, NULL, ''),
(346, 'BAJM810218HOCTCX14', 'MAXIMO BAUTISTA JACINTO', '9512336654', 'maxbaj@hotmail.com', '20EBD0002B', 'Español', 'no', '2512', 'Reforma Educativa', 'Modelo Educativo Modular', NULL, NULL, 'Evaluar aprendizaje', 'Desarrollar competencias docentes', ''),
(347, 'GAHF750102HOCRRL05', 'FELIPE GARCIA HERNANDEZ', '954 150 8158', 'feliandro_0_0@hotmail.com', '20EBD0022P', 'Español y Mixteco.', 'si', 'LL44', NULL, NULL, NULL, NULL, NULL, NULL, ''),
(348, 'MANP851005HOCRXL00', 'PLACIDO MARTINEZ NU?EZ', '2831282846', 'kamabye13@hotmail.com', '20EBD0039P', 'Mixe', 'no', 'ayuujk', NULL, NULL, NULL, 'Diseño de estrategias didáctivas', NULL, NULL, ''),
(349, 'TULJ810615HOCRPN00', 'JUAN CARLOS TRUJILLO LOPEZ', '9711377837', 'trujillo_jc81@hotmail.com', '20EBD0038Q', 'español, zapoteco del istmo', 'no', 'jl81', NULL, 'Modelo Educativo Modular', NULL, 'Diseño de estrategias didáctivas', NULL, NULL, 'Que este curso pueda fortalecer o en su caso identificar,  las necesidades del subsistema y definir acciones para mejorar los bic ,  y que estos sigan siendo una opción para los jovenes'),
(350, 'CAPJ781229HOCHDS09', 'JES?S CH?VEZ PADILLA', '9511261362', 'mellifero@hotmail.com', '20EBD0013H', '', 'no', 'fernando', NULL, NULL, 'Actualización de tu área', 'Diseño de estrategias didáctivas', 'Evaluar aprendizaje', 'Desarrollar competencias docentes', ''),
(351, 'GUHH911122HOCTRN04', 'HONORATO GUTIERREZ HERNANDEZ', '9511160512', 'lirea90@gmail.com', '20EBD0035T', 'Español', 'no', 'honi91', 'Reforma Educativa', 'Modelo Educativo Modular', 'Actualización de tu área', 'Diseño de estrategias didáctivas', 'Evaluar aprendizaje', 'Desarrollar competencias docentes', ''),
(352, 'VEOS861030HOCLJR01', 'SERGIO VELASQUEZ OJEDA', '951 314 8750', 'maximo-zeus@hotmail.com', '20EBD0013H', 'cuicateco', 'no', '12345678', 'Reforma Educativa', 'Modelo Educativo Modular', 'Actualización de tu área', 'Diseño de estrategias didáctivas', 'Evaluar aprendizaje', 'Desarrollar competencias docentes', 'siempre hay que estar actualizando'),
(353, 'merd801229hocrzv03', 'DAVID MERL?N RU?Z', '9512910853', 'dmerlin2912@hotmail.com', '20EBD0035T', 'español', 'no', '19084-3', 'Reforma Educativa', 'Modelo Educativo Modular', 'Actualización de tu área', 'Diseño de estrategias didáctivas', 'Evaluar aprendizaje', 'Desarrollar competencias docentes', ''),
(354, 'SANR660319HOCNXC04', 'JOSE RICARDO SANCHEZ NU?EZ', '9513148829', 'richardbic@hotmail.com', '20EBD0006Y', 'español', 'no', 'jhosric', NULL, NULL, 'Actualización de tu área', NULL, 'Evaluar aprendizaje', NULL, 'Actualizar en Matemáticas Financieras y como evaluar el aprendizaje de los estudiantes\r\n                                    A'),
(355, 'CAVC851123HOCBLL00', 'CLEMENTE CABALLERO VALDIVIA', '9512203328', 'siglo21.historia@hotmail.com', '20EBD0022P', 'español.', 'no', 'brucelee', NULL, NULL, NULL, NULL, NULL, 'Desarrollar competencias docentes', 'es apasionante los cursos de actualización, espero aprender desarrollar las competencias docentes.'),
(356, 'OIJL900905MOCRRR06', 'LORENZA ORTIZ JUAREZ', '9513565524', 'lore_ortiz90@hotmail.com', '20EBD0037R', 'Español, Chatino.', 'no', 'L1O7', 'Reforma Educativa', 'Modelo Educativo Modular', 'Actualización de tu área', 'Diseño de estrategias didáctivas', 'Evaluar aprendizaje', 'Desarrollar competencias docentes', 'Me gustaria recibir cursos en todos los temas..'),
(357, 'vich860729hoccrm02', 'HUMBERTO VICENTE DE LA CRUZ', '9711799422', 'mixteco_beto@hotmail.com', '20EBD0048X', 'ingles', 'no', '1986', NULL, NULL, NULL, 'Diseño de estrategias didáctivas', NULL, 'Desarrollar competencias docentes', ''),
(358, 'mavh870606mocrnr05', 'HORTENCIA MARCIAL VENEGAS', '9711683991', 'hor_06@hotmail.com', '20EBD0001C', '', 'no', 'tehuantepec', NULL, NULL, NULL, 'Diseño de estrategias didáctivas', NULL, 'Desarrollar competencias docentes', '');
INSERT INTO `ficha_registro` (`id_registro`, `curp`, `nombre`, `telefono`, `email`, `bic`, `idioma`, `automovil`, `password`, `opcion1`, `opcion2`, `opcion3`, `opcion4`, `opcion5`, `opcion6`, `comentario`) VALUES
(359, 'AUGF660314HCSLTL09', 'FLORENTINO ALTUZAR GUTI?RREZ', '9511204450', 'altuzar45@hotmail.com', '20EBD0027K', 'Español', 'si', 'Altuzar1450', 'Reforma Educativa', 'Modelo Educativo Modular', NULL, NULL, NULL, NULL, ''),
(360, 'SARM590513HOCRDR02', 'MART?N SARAVIA RODR?GUEZ', '9511187505', 'saraviaro1@hotmail.com', '20EBD0025M', 'Español', 'si', 'SARAVIA59', 'Reforma Educativa', 'Modelo Educativo Modular', NULL, NULL, NULL, NULL, ''),
(361, 'TOSS811021HOCLNM04', 'SAMUEL TOLEDO SANCHEZ', '9711240887', 'anyelo35@outlook.com', '20EBD0032W', 'Español', 'no', 'sa21', 'Reforma Educativa', NULL, 'Actualización de tu área', NULL, NULL, NULL, ''),
(362, 'ROCR780101HOCSBC09', 'RICARDO ROSADO CABRERA', '9711041503', 'rocky1978_4@hotmail.com', '20EBD0043B', 'español', 'no', 'jerabril2017', 'Reforma Educativa', 'Modelo Educativo Modular', 'Actualización de tu área', 'Diseño de estrategias didáctivas', NULL, NULL, 'saludos'),
(363, 'SAHI790214HOCNRS06', 'ISRAEL SANCHEZ HERNANDEZ', '9711687920', 'ndaniguia79@hotmail.com', '20EBD0027K', 'zapoteco', 'no', '1979', NULL, NULL, NULL, NULL, NULL, NULL, ''),
(364, 'SAHI790214HOCNRS06', 'ISRAEL SANCHEZ HERNANDEZ', '9711687920', 'ndaniguia79@hotmail.com', '20EBD0027K', 'zapoteco', 'no', '1979', NULL, NULL, NULL, NULL, NULL, NULL, ''),
(365, 'COGR850120HOCRRB07', 'RUBEN CARLOS CORTES GARCIA', '9511183517', 'rube-c-g-@hotmail.com', '20EBD0013H', 'ZAPOTECO', 'no', 'R1C2', NULL, NULL, NULL, NULL, NULL, NULL, ''),
(366, 'OIBM751009HOCRRN08', 'MANUEL ORTIZ BARRIOS', '9535371125', 'orbama11@yahoo.com.mx', 'UESA1612', 'Mixteco', 'no', 'barrios75', 'Reforma Educativa', 'Modelo Educativo Modular', NULL, 'Diseño de estrategias didáctivas', NULL, NULL, 'El curso me permitirá contribuir mi proceso de formación.'),
(367, 'GUHE881109MOCTRL05', 'ELIZABETH GUTIERREZ HERNANDEZ', '9511160512', 'eli47_415@hotmail.com', '20EBD0033V', 'Español', 'no', 'edrelito07', 'Reforma Educativa', 'Modelo Educativo Modular', 'Actualización de tu área', 'Diseño de estrategias didáctivas', NULL, 'Desarrollar competencias docentes', 'ESPERO QUE ESTE CURSO DE ACTUALIZACIÓN DOCENTE, SEA SIGNIFICATIVO Y QUE RESPONDA A LAS NECESIDADES QUE ENFRENTAMOS LOS DOCENTES HOY EN DÍA.'),
(368, 'VAGA720506HOCRBB05', 'ABEL VARGAS GABINO', '9511494041', 'vargas050673@gmail.com', '20EBD0002B', 'EAPANOL, MIXE', 'no', 'abelito', NULL, NULL, 'Actualización de tu área', 'Diseño de estrategias didáctivas', NULL, NULL, 'Pues espero adquirir nuevas experiencias e incluirlo en el quehacr educativo'),
(369, 'SACR781216MDFNRS05', 'MARIA DEL ROSARIO SANTOS CORTES', '9515192933', 'mar_44_8@yahoo.com.mx', '20EBD0035T', 'Español', 'no', 'itzel16', NULL, NULL, 'Actualización de tu área', NULL, NULL, NULL, ''),
(370, 'rolj860416hocjpv04', 'JOSE JAVIER ROJAS LOPEZ', '9515103627', 'javi_86_4@hotmail.com', '20EBD0024N', 'español y mixteco', 'no', 'xa16', NULL, NULL, NULL, 'Diseño de estrategias didáctivas', NULL, NULL, ''),
(371, 'BAMO620121HOCLNS08', 'OSCAR BALTAZAR MENDOZA', '9511578023', 'obaltazar7@hotmail.com', '20EBD0020R', 'Español', 'no', 'bic20', NULL, 'Modelo Educativo Modular', 'Actualización de tu área', NULL, NULL, NULL, 'Ninguno'),
(372, 'HEGJ821224HOCRLS03', 'JESUS MANUEL HERNANDEZ GALLEGOS', '9711743470', 'jesusmanuel982@hotmail.com', '20EBD0036S', 'Español', 'no', '2412', NULL, 'Modelo Educativo Modular', 'Actualización de tu área', NULL, NULL, NULL, 'Es muy interesante'),
(373, 'COSM760504HOCRNR09', 'MARQUITO CORTEZ SANCHEZ', '9711792607', 'chimas.4@hotmail.com', '20EBD0012I', 'Español', 'no', 'ma04', NULL, NULL, NULL, NULL, 'Evaluar aprendizaje', NULL, 'Conocer técnicas y métodos de evaluación.'),
(374, 'VISA890613HOCLNN03', 'ANTONIO VILLALOBOS SANCHEZ', '9711445864', 'tony_21juchitan@hotmail.com', '20EBD0043B', 'Español', 'no', '1928', 'Reforma Educativa', NULL, NULL, NULL, NULL, 'Desarrollar competencias docentes', ''),
(375, 'OILI840831MOCRPR06', 'IRAIDES ORTIZ LOPEZ', '9531190773', 'hola_oili@hotmail.com', '20EBD0008W', 'español', 'no', 'o1l1', 'Reforma Educativa', 'Modelo Educativo Modular', 'Actualización de tu área', 'Diseño de estrategias didáctivas', 'Evaluar aprendizaje', 'Desarrollar competencias docentes', '¿Podrá haber alguno de motivación?'),
(376, 'FARC750622HOCSYH06', 'CUAHUTEMOC FAUSTINO REYES', '9512116383', 'kwakayuuk@gmail.com', '20EBD0011J', 'Español, Mixe', 'no', '1234', NULL, 'Modelo Educativo Modular', NULL, NULL, NULL, NULL, ''),
(377, 'mamw880803hocrrl08', 'WILSON MARTINEZ MARTINEZ', '', 'wilsonmartinezmartinez@gmail.com', '20EBD0039P', 'mazateco', 'no', 'L#MkTv4K', NULL, NULL, NULL, NULL, NULL, NULL, 'No puedo opinar de momento, espero sea bueno, saludos'),
(378, 'MOME760604MOCRNM08', 'EMMA MORALES MANUEL', '2831293179', 'emmamorales76@hotmail.com', '20EBD0014G', 'Español y Mixe.', 'no', 'Jalte01', NULL, NULL, 'Actualización de tu área', 'Diseño de estrategias didáctivas', NULL, NULL, 'Que se respeten los tiempos marcados para cada actividad o Taller'),
(379, 'BAFS800409HOCRNL02', 'SALVADOR BRAVO FUENTES', '9511255073', 'pqfbbravo@hotmail.com', '20EBD0003A', 'Mazateco,español.', 'no', 'meta', 'Reforma Educativa', NULL, NULL, NULL, NULL, NULL, 'Me parecen  buena la opciones'),
(380, 'VAFA800519MOCSRD07', 'AIDA VASQUEZ FRANCISCO', '9513465835', 'Aida734m0@hotmail.com', '20EBD0016E', 'Mixe, Español', 'no', 'Tepuxtepec', NULL, NULL, 'Actualización de tu área', NULL, NULL, NULL, 'Espero terminar el curso con muchos nuevos conocimientos'),
(381, 'FALJ811024HOCRPN00', 'JENARO FRANCISCO LOPEZ', '9511641259', 'jenaro324@hotmail.com', '20EBD0039P', 'zapoteco, ingles', 'no', 'francisco', NULL, NULL, NULL, 'Diseño de estrategias didáctivas', NULL, NULL, 'sin comentarios'),
(382, 'TORE851106MOCLML04', 'ELIZABETH TOLEDO RAMIREZ', '2831285254', 'tolesly04@hotmail.com', '20EBD0013H', 'Castellano', 'no', 'lito', NULL, 'Modelo Educativo Modular', NULL, 'Diseño de estrategias didáctivas', NULL, NULL, 'Gracias por organizar eventos como estos para la mejora continua de la educacion'),
(383, 'RUGA510927HOCZRM07', 'AMADO RUIZ GARCIA', '2361176361', 'amadoruizgz@hotmail.com', '20EBD0011J', 'El mazateco', 'no', 'yuyu', NULL, 'Modelo Educativo Modular', NULL, 'Diseño de estrategias didáctivas', NULL, NULL, 'Saber más sobre el sistema que rige el BIC 11, así como aprender más las esgtrategiasd didácticas.'),
(384, 'PALE680402HOCSPF09', 'EFRAIN PASCUAL LOPEZ', '9512603817', 'epascual04@hotmail.com', '20EBD0024N', 'zapoteco', 'no', '0402', NULL, NULL, NULL, NULL, NULL, 'Desarrollar competencias docentes', 'Espero que el curso sea benéfico para todos'),
(385, 'JAMB861011MOCRRR01', 'BRENDA JARQUIN MARTINEZ', '9512400017', 'bjm_986@hotmail.com', '20EBD0029I', 'Castellano', 'no', 'bebe', NULL, NULL, NULL, 'Diseño de estrategias didáctivas', NULL, NULL, ''),
(386, 'FEPG660122HOCNRD06', 'GAUDENCIO FENTANEZ PEREZ', '5241114', 'gaufentanez@hotmail.com', '20EBD0040E', 'zapoteco', 'no', 'gau6', NULL, NULL, 'Actualización de tu área', NULL, NULL, NULL, ''),
(387, 'CARC800112HOCSYR03', 'CARLOS CASTILLEJOS REYES', '9511356423', 'sutcseiio_academia@hotmail.com', '20EBD0045Z', 'Español y 50% de Inglés', 'si', '1280', NULL, NULL, 'Actualización de tu área', 'Diseño de estrategias didáctivas', 'Evaluar aprendizaje', NULL, ''),
(388, 'VEGP780207HOCLRD04', 'PEDRO VELASCO GARCIA', '95115101', 'comunicacion362000@yahoo.com.mx', '20EBD0007X', 'Mixteco, Español y poco ingles.', 'no', 'amor1978', NULL, 'Modelo Educativo Modular', NULL, NULL, NULL, NULL, ''),
(389, 'MEHC751024HOCNRR17', 'CRISTINO MENDOZA HERNANDEZ', '9512099936', 'tinoli10@hotmail.com', 'CSEIIOOFCRT', 'español', 'no', 'GAELIN1', 'Reforma Educativa', NULL, NULL, NULL, 'Evaluar aprendizaje', NULL, 'ESPERO QUE SEA DE LO MEJOR'),
(390, 'PELR790808HOCRPF01', 'RAFAEL PEREZ LOPEZ', '9513290894', 'rpl8879@hotmail.com', '20EBD0042C', 'español', 'si', 'raflrs', 'Reforma Educativa', NULL, 'Actualización de tu área', NULL, 'Evaluar aprendizaje', 'Desarrollar competencias docentes', ''),
(391, 'MAJE671128MMCRMS03', 'ESTELA MARTINEZ JIMENEZ', '5511517926', 'canelita281167@gmail.com', '20EBD0046Z', 'Español', 'no', 'rosana', NULL, NULL, NULL, NULL, 'Evaluar aprendizaje', NULL, 'Ninguno'),
(392, 'LOZA880718HOCPMR01', 'ARNULFO LOPEZ ZAMBRANO', '9511044640', 'arnulfolopezzambrano@gmail.com', '20EBD0024N', 'español', 'no', 'loza8807189', 'Reforma Educativa', 'Modelo Educativo Modular', 'Actualización de tu área', 'Diseño de estrategias didáctivas', 'Evaluar aprendizaje', 'Desarrollar competencias docentes', 'diseñar estrategias didácticas relacionadas con el area'),
(393, 'SECA780901HOCBRR04', 'ARTURO SEBASTIAN CORONEL', '9511196381', 'coronel_81@hotmail.com', '20EBD0022P', 'español', 'no', 'as78', 'Reforma Educativa', 'Modelo Educativo Modular', 'Actualización de tu área', 'Diseño de estrategias didáctivas', 'Evaluar aprendizaje', 'Desarrollar competencias docentes', '');

-- --------------------------------------------------------

--
-- Estructura de tabla para la tabla `registro_taller`
--

CREATE TABLE `registro_taller` (
  `id_regtaller` int(11) NOT NULL,
  `curp` varchar(100) NOT NULL,
  `id_taller` int(11) NOT NULL
) ENGINE=InnoDB DEFAULT CHARSET=latin1 COMMENT='Almacena la curp del empleado que ingresa al curso y el tall';

--
-- Volcado de datos para la tabla `registro_taller`
--

INSERT INTO `registro_taller` (`id_regtaller`, `curp`, `id_taller`) VALUES
(1, 'SAJE840101HOCNMD05', 36),
(2, 'SAJE840101HOCNMD05', 21),
(5, 'MAMD800328HOCRRL02', 13),
(6, 'MAMD800328HOCRRL02', 22),
(7, 'AEPS830422MPLSCN02', 13),
(8, 'AEPS830422MPLSCN02', 22),
(9, 'CXCO840701HOCBRS02', 25),
(11, 'Pege900519mocrrm05', 14),
(12, 'Pege900519mocrrm05', 15),
(13, 'BOJE850401MOCLLL08', 12),
(16, 'MEGM780706MOCNJL00', 20),
(18, 'MEGM780706MOCNJL00', 18),
(19, 'AERO730416MVZCNF01', 20),
(20, 'AERO730416MVZCNF01', 18),
(21, 'SAGA761101HDFNML01', 20),
(22, 'SAGA761101HDFNML01', 13),
(23, 'DIGA890128HOCZRR03', 14),
(24, 'DIGA890128HOCZRR03', 18),
(25, 'GOZK870924MOCNMR03', 12),
(26, 'PACF780305HOCLRR01', 20),
(29, 'PACF780305HOCLRR01', 21),
(30, 'AATG880129MSLLNL07', 14),
(31, 'AATG880129MSLLNL07', 18),
(32, 'PETH760329HDFRRG02', 12),
(33, 'GOZK870924MOCNMR03', 35),
(34, 'PETH760329HDFRRG02', 22),
(39, 'VALE891205HOCLPL05', 12),
(40, 'VALE891205HOCLPL05', 35),
(41, 'BAGM741008MOCRZR01', 34),
(42, 'REJA900415HOCYML00', 17),
(43, 'BAGM741008MOCRZR01', 17),
(44, 'AOJE820821MOCNRD07', 21),
(45, 'AOJE820821MOCNRD07', 20),
(46, 'REJA900415HOCYML00', 21),
(47, 'GAGJ880723HOCRLV08', 12),
(48, 'GOVI840405HOCMRL04', 20),
(49, 'GAGJ880723HOCRLV08', 35),
(50, 'GEPA831224MOCRRD03', 14),
(51, 'GEPA831224MOCRRD03', 26),
(52, 'LOME811223MOCPNL01', 17),
(53, 'GOVI840405HOCMRL04', 23),
(54, 'SULS891231MOCRPN02', 16),
(55, 'SULS891231MOCRPN02', 28),
(56, 'LOME811223MOCPNL01', 26),
(57, 'LUHI800408HOCSRR01', 16),
(58, 'LUHI800408HOCSRR01', 28),
(59, 'VAHG871016hocsrr09', 21),
(60, 'VAHG871016hocsrr09', 22),
(61, 'GULV821020MOCZZR08', 13),
(62, 'GULV821020MOCZZR08', 33),
(63, 'PAZM871027HOCZFG07', 20),
(64, 'GUHF900507MOCTRR05', 33),
(65, 'MEOO781012MVZNRT06', 16),
(66, 'DORG810410MOCLBD03', 16),
(67, 'MEOO781012MVZNRT06', 34),
(68, 'PAZM871027HOCZFG07', 33),
(69, 'DORG810410MOCLBD03', 17),
(70, 'EEhj781225mvzsrs02', 21),
(71, 'EEhj781225mvzsrs02', 36),
(72, 'sagb821110hdfnrl09', 26),
(73, 'LUFR690108HOCSSG09', 13),
(74, 'sagb821110hdfnrl09', 32),
(75, 'LUFR690108HOCSSG09', 12),
(76, 'VAAE820903MOCLCR00', 15),
(77, 'VAAE820903MOCLCR00', 36),
(78, 'RALM851220MMCMPG05', 17),
(79, 'SAgj801017hocnzs01', 15),
(80, 'RALM851220MMCMPG05', 26),
(81, 'SAgj801017hocnzs01', 26),
(82, 'SALJ841118MOCNPQ05', 20),
(83, 'SALJ841118MOCNPQ05', 27),
(84, 'MEPM890407MOCRBR03', 20),
(85, 'MEPM890407MOCRBR03', 30),
(86, 'MAZC720128MOCRRR02', 13),
(87, 'MAZC720128MOCRRR02', 32),
(88, 'HELJ901224HOCRPS05', 22),
(89, 'AAMA810424HOCLRL00', 19),
(90, 'AAMA810424HOCLRL00', 18),
(91, 'LOLD840222HOCPPD06', 12),
(92, 'SAMR830125MOCNRS02', 18),
(93, 'SAMR830125MOCNRS02', 22),
(94, 'LOLD840222HOCPPD06', 34),
(95, 'LOPB921123HOCPRR05', 25),
(96, 'LOPB921123HOCPRR05', 21),
(97, 'SEPV790530HOCRRC03', 12),
(98, 'SEPV790530HOCRRC03', 24),
(99, 'CAGD770608MOCRRL08', 20),
(100, 'OOML830730MOCRNR01', 16),
(101, 'CAGD770608MOCRRL08', 18),
(102, 'HELJ901224HOCRPS05', 19),
(103, 'BATD860218MOCRLL03', 32),
(104, 'BATN800318HOCRLL00', 12),
(105, 'BATN800318HOCRLL00', 20),
(106, 'MAMD741222HOCRNM04', 21),
(107, 'BATD860218MOCRLL03', 27),
(108, 'MAMD741222HOCRNM04', 35),
(109, 'RIXA810326MOCVXN06', 14),
(110, 'OOML830730MOCRNR01', 29),
(111, 'RIXA810326MOCVXN06', 29),
(112, 'MASJ850510HOCRNN09', 12),
(113, 'HEHR710305HDFRRC00', 12),
(114, 'Lona861206hocpxl09', 14),
(115, 'Lona861206hocpxl09', 32),
(116, 'GAJP771026HOCRMS05', 23),
(118, 'GODV810723MOCNLL05', 25),
(119, 'VITJ771201HOCCRS09', 13),
(120, 'GODV810723MOCNLL05', 33),
(121, 'HEHR710305HDFRRC00', 31),
(124, 'MAAE880305HDFCLD00', 14),
(125, 'BOPA770424HOCLCL03', 21),
(127, 'MAAE880305HDFCLD00', 19),
(128, 'BOPA770424HOCLCL03', 22),
(129, 'VITJ771201HOCCRS09', 22),
(130, 'GODV761013MOCNLR08', 25),
(131, 'GODV761013MOCNLR08', 32),
(133, 'RURJ850411HOCZSM01', 20),
(134, 'SALY880820MOCNPS04', 20),
(136, 'SALY880820MOCNPS04', 19),
(138, 'CAMB831202MOCSRR00', 13),
(139, 'HEJM830816HOCRMC02', 18),
(140, 'CAMB831202MOCSRR00', 21),
(141, 'VAJG850528MOCZMB02', 13),
(142, 'VAJG850528MOCZMB02', 19),
(143, 'MASJ850510HOCRNN09', 27),
(144, 'LOLP771210HOCPPD02', 15),
(145, 'MECJ850826HOCNSC00', 25),
(146, 'LOLP771210HOCPPD02', 32),
(147, 'HEJM830816HOCRMC02', 22),
(148, 'PEFJ830809MOCRLZ04', 22),
(149, 'CUBY870126MOCRRN04', 20),
(150, 'TOGL751224MOCRMD01', 29),
(151, 'CUBY870126MOCRRN04', 17),
(152, 'PEFJ830809MOCRLZ04', 20),
(153, 'MECJ850826HOCNSC00', 33),
(154, 'GOLN861008HOCNPT00', 14),
(155, 'CALL870213MOCSPZ01', 18),
(156, 'TOGL751224MOCRMD01', 18),
(157, 'CESJ770427HOCRNR02', 21),
(158, 'GOLN861008HOCNPT00', 34),
(159, 'PEHJ860903MOCRRN07', 17),
(160, 'PEHJ860903MOCRRN07', 26),
(162, 'PAPP821118HOCCCD03', 16),
(163, 'RUGF850718MOCZRB04', 13),
(164, 'CESJ770427HOCRNR02', 26),
(165, 'RUGF850718MOCZRB04', 19),
(166, 'REHR760914HDFYRB08', 35),
(168, 'REHR760914HDFYRB08', 25),
(169, 'AOPR800403HOCMRC05', 23),
(170, 'PAPP821118HOCCCD03', 19),
(171, 'godj750617hocnsn09', 36),
(172, 'AOPR800403HOCMRC05', 32),
(173, 'TOHN781203MOCRRR06', 12),
(174, 'HEMJ871117HOCRRR01', 34),
(175, 'JUCF880128hoclbr09', 25),
(176, 'JUCF880128hoclbr09', 30),
(177, 'TOHN781203MOCRRR06', 27),
(178, 'OEGG810628HOCRRL05', 13),
(179, 'BAVE910419MOCTLL06', 18),
(180, 'GAMR770711HOCRRF05', 18),
(181, 'BAVE910419MOCTLL06', 30),
(182, 'GAMR770711HOCRRF05', 30),
(183, 'LOSE781105HOCPRL05', 20),
(184, 'OEGG810628HOCRRL05', 32),
(185, 'LOSE781105HOCPRL05', 28),
(186, 'LOHO780905HOCPRS02', 20),
(187, 'LOHO780905HOCPRS02', 19),
(189, 'OOVL841009HOCRLS07', 21),
(190, 'OOVL841009HOCRLS07', 36),
(191, 'HEMJ871117HOCRRR01', 21),
(192, 'HEJG730103MOCRMN15', 17),
(193, 'CAHC900329MOCSNL09', 19),
(194, 'CAHC900329MOCSNL09', 14),
(195, 'LOPE791017HOCPRD07', 13),
(196, 'LOPE791017HOCPRD07', 30),
(197, 'OISD880408MOCRNN09', 12),
(198, 'OISD880408MOCRNN09', 35),
(199, 'OOSE860920HOCSNM06', 12),
(200, 'MEGF870116HOCLRR03', 36),
(201, 'godj750617hocnsn09', 21),
(202, 'HEJG730103MOCRMN15', 33),
(203, 'OOSE860920HOCSNM06', 32),
(204, 'MEGF870116HOCLRR03', 20),
(205, 'MEOM821126MOCNSR03', 21),
(206, 'VEAL760601MOCLNZ02', 15),
(208, 'YASG820131MPLXND03', 12),
(209, 'TOHR770521HOCRRD14', 12),
(210, 'YASG820131MPLXND03', 35),
(211, 'VELL860530MOCLST06', 14),
(212, 'VELL860530MOCLST06', 32),
(213, 'JUHN810712HOCRRB06', 14),
(214, 'DUVA810613MOCRRN13', 17),
(215, 'TOHR770521HOCRRD14', 35),
(216, 'VAPL821213MOCLLL09', 20),
(217, 'RASC800705MOCMNN04', 14),
(218, 'GAHE800904HOCRRD09', 22),
(219, 'MECJ840316HOCNSN05', 36),
(220, 'DUVA810613MOCRRN13', 26),
(221, 'VAPL821213MOCLLL09', 26),
(222, 'JIGM850425MDFMRR07', 36),
(223, 'MEOM821126MOCNSR03', 32),
(224, 'GAHE800904HOCRRD09', 21),
(225, 'RASC800705MOCMNN04', 29),
(226, 'RAXG710608HSLMXL09', 19),
(227, 'RAXG710608HSLMXL09', 34),
(228, 'JIGM850425MDFMRR07', 23),
(229, 'MECJ840316HOCNSN05', 23),
(230, 'MEMJ780202HOCNRV01', 13),
(231, 'heem870413mocrlr07', 21),
(232, 'MEMJ780202HOCNRV01', 33),
(233, 'heem870413mocrlr07', 34),
(234, 'JUHN810712HOCRRB06', 32),
(235, 'HEVH920228HOCRSL01', 12),
(236, 'LOLE870905HOCPPD08', 32),
(237, 'LOLE870905HOCPPD08', 16),
(238, 'RAHC820427mocmrn05', 25),
(239, 'HEVH920228HOCRSL01', 32),
(240, 'VIPB811228HOCCDR07', 12),
(241, 'REBJ790611HOCYLV09', 21),
(242, 'PEMY780228HOCRYN09', 13),
(245, 'REBJ790611HOCYLV09', 32),
(246, 'VIPB811228HOCCDR07', 32),
(249, 'PEMY780228HOCRYN09', 31),
(250, 'SOZC790418HOCSBS07', 20),
(251, 'SOZC790418HOCSBS07', 27),
(252, 'LUSE780813HOCSLL09', 21),
(253, 'baht790206hoctrm08', 12),
(254, 'LUSE780813HOCSLL09', 32),
(255, 'baht790206hoctrm08', 33),
(256, 'RAHC820427mocmrn05', 29),
(257, 'OILA790410HOCRPL09', 20),
(258, 'AOMI810504HOCRRN03', 17),
(259, 'OILA790410HOCRPL09', 34),
(260, 'AOMI810504HOCRRN03', 27),
(261, 'SAJM850301HOCNRG07', 13),
(262, 'marl821014hoctms07', 25),
(263, 'OETE920906HOCJLL02', 16),
(264, 'CXGA860508MOCNNN04', 21),
(265, 'CALL870213MOCSPZ01', 23),
(267, 'CXGA860508MOCNNN04', 26),
(268, 'marl821014hoctms07', 32),
(269, 'SAJM850301HOCNRG07', 35),
(270, 'COBJ900918HOCLTH02', 25),
(271, 'OETE920906HOCJLL02', 19),
(272, 'COBJ900918HOCLTH02', 27),
(273, 'MAMI770501HOCTNS07', 25),
(274, 'MAMI770501HOCTNS07', 28),
(275, 'CAEH830205MOCRSL05', 18),
(276, 'RORG880701MOCMMB07', 18),
(278, 'NOFJ751031HOCRGS08', 13),
(279, 'CAEH830205MOCRSL05', 32),
(280, 'AEHG831118HOCRRL06', 12),
(281, 'AEHG831118HOCRRL06', 33),
(283, 'GABR860523HOCRTM05', 27),
(284, 'GABR860523HOCRTM05', 20),
(285, 'RORG880701MOCMMB07', 15),
(286, 'PETR820101MOCRRC05', 18),
(287, 'PAVJ810723HOCXLN00', 18),
(288, 'PAVJ810723HOCXLN00', 29),
(289, 'Torj810823hocrmn02', 20),
(290, 'Torj810823hocrmn02', 19),
(291, 'PETR820101MOCRRC05', 28),
(292, 'VARB850327HOCZMR03', 20),
(293, 'VARB850327HOCZMR03', 28),
(294, 'GOGA821013HOCMNL06', 14),
(295, 'AAMF841223MOCNNB05', 18),
(296, 'AAMF841223MOCNNB05', 36),
(297, 'LOVF720407HHGPLD05', 21),
(298, 'GOGA821013HOCMNL06', 29),
(299, 'LOVF720407HHGPLD05', 27),
(300, 'MARA910917MOCXGN09', 21),
(301, 'MARA910917MOCXGN09', 32),
(302, 'JIRE820721HOCMDL02', 18),
(303, 'JIRE820721HOCMDL02', 32),
(304, 'GOOL840713MOCNRR00', 14),
(305, 'NOFJ751031HOCRGS08', 22),
(306, 'RAPV760109MVZMLC14', 20),
(307, 'CAHE820125MOCRRL00', 14),
(308, 'CAHE820125MOCRRL00', 26),
(309, 'CAHF841026HOCRRS05', 18),
(310, 'SASE871219HOCNNP08', 14),
(311, 'CAHF841026HOCRRS05', 32),
(312, 'RAPV760109MVZMLC14', 17),
(313, 'SASE871219HOCNNP08', 19),
(314, 'MOCT790111HOCRRZ09', 15),
(315, 'BAGJ840814HOCTRS01', 13),
(317, 'MOCT790111HOCRRZ09', 23),
(318, 'HECM740922HTLRMG17', 25),
(319, 'HECM740922HTLRMG17', 34),
(321, 'RICV870903MOCVBN03', 14),
(323, 'MECJ811225HOCJSS04', 13),
(324, 'RICV870903MOCVBN03', 12),
(325, 'QUMM750120HGTLRR02', 12),
(326, 'VASV850218MOCLNL06', 18),
(327, 'DIAM791130MOCGQR07', 15),
(328, 'QUMM750120HGTLRR02', 27),
(329, 'PEVJ810503HOCRRS08', 13),
(330, 'PEVJ810503HOCRRS08', 22),
(331, 'DIAM791130MOCGQR07', 32),
(332, 'VASV850218MOCLNL06', 19),
(333, 'JIMG820411MOCMRL01', 15),
(334, 'JIMG820411MOCMRL01', 32),
(335, 'oivf720518hocrlr05', 12),
(336, 'LOGG850507MOCPRS04', 13),
(337, 'LOGG850507MOCPRS04', 19),
(338, 'CAMG791103HOCBJM07', 17),
(339, 'oivf720518hocrlr05', 28),
(340, 'CAMG791103HOCBJM07', 22),
(341, 'HERJ631007HOCRZL05', 21),
(342, 'MECJ811225HOCJSS04', 21),
(343, 'NUPM781012HCSCRR01', 18),
(344, 'RUCR870313HOCZRG01', 20),
(345, 'RUCR870313HOCZRG01', 26),
(346, 'NUPM781012HCSCRR01', 30),
(347, 'CUGO770312HOCRLM03', 16),
(348, 'cavf860701hochrl08', 18),
(349, 'CUGO770312HOCRLM03', 19),
(350, 'cavf860701hochrl08', 31),
(351, 'RACA850101HOCNLN06', 25),
(352, 'RACA850101HOCNLN06', 32),
(353, 'GOEY910316MOCMSD04', 18),
(354, 'MOMS891014HOCRRB07', 18),
(355, 'MOMS891014HOCRRB07', 28),
(356, 'GOEY910316MOCMSD04', 27),
(357, 'GAVA861026MOCRNR05', 20),
(358, 'QUGF870403HOCJRR08', 23),
(359, 'QUGF870403HOCJRR08', 26),
(360, 'DICF811124HOCZRR00', 30),
(361, 'AEMO800629HOCVNM13', 12),
(363, 'RUCJ921026HOCZHS06', 23),
(364, 'RUCJ921026HOCZHS06', 36),
(365, 'AEMO800629HOCVNM13', 35),
(366, 'MADS820922MOCRZN00', 18),
(367, 'SATJ760125HOCNRV05', 13),
(368, 'SATJ760125HOCNRV05', 32),
(369, 'MADS820922MOCRZN00', 32),
(370, 'GAOM830430HOCLSC07', 23),
(371, 'gaoe801013hocrld05', 14),
(372, 'gaoe801013hocrld05', 34),
(373, 'YEAE861028MOCSRL05', 24),
(374, 'SADL820218MOCNZC05', 18),
(375, 'SADL820218MOCNZC05', 28),
(376, 'MANI880222MOCRCS02', 17),
(377, 'YEAE861028MOCSRL05', 26),
(378, 'BALG730818MOCTPL09', 23),
(379, 'BALG730818MOCTPL09', 29),
(380, 'MANI880222MOCRCS02', 26),
(381, 'GAOM830430HOCLSC07', 30),
(382, 'LOGD910509HOCPNM00', 15),
(383, 'LOGD910509HOCPNM00', 34),
(384, 'LORM800822HOCPMR06', 12),
(385, 'LORM800822HOCPMR06', 19),
(386, 'MEJC781228HOCJLS05', 23),
(387, 'pagc790827hoccnn06', 13),
(388, 'MEJC781228HOCJLS05', 32),
(389, 'Saci851119mocnrr01', 21),
(390, 'Saci851119mocnrr01', 26),
(391, 'GOCJ770317HOCMLN09', 13),
(392, 'MACF800517HOCRVR02', 13),
(393, 'MACF800517HOCRVR02', 22),
(394, 'pagc790827hoccnn06', 32),
(395, 'REME861118HOCYRL08', 18),
(396, 'GOCJ770317HOCMLN09', 33),
(397, 'PEML781020MOCRRT08', 14),
(399, 'PXDA871109MOCRNR00', 25),
(400, 'PXDA871109MOCRNR00', 32),
(401, 'ROLL850530MOCBPZ08', 17),
(402, 'REME861118HOCYRL08', 25),
(405, 'SAHR720322HOCNRB08', 21),
(407, 'SAHR720322HOCNRB08', 31),
(408, 'PECE861026MOCLNS09', 18),
(411, 'MAFG891218MOCRLL09', 15),
(412, 'GAOG800914HPLRSV09', 18),
(413, 'GAOG800914HPLRSV09', 32),
(414, 'PECE861026MOCLNS09', 32),
(415, 'aara840927mocpmd06', 21),
(416, 'aara840927mocpmd06', 26),
(417, 'SACP910911HOCNSL02', 18),
(418, 'SACP910911HOCNSL02', 33),
(419, 'MAFG891218MOCRLL09', 28),
(420, 'CUGT820125HOCRRL09', 23),
(421, 'CUGT820125HOCRRL09', 36),
(422, 'BARM740922HOCLSR09', 25),
(423, 'OORI851117MOCRYS04', 17),
(424, 'OORI851117MOCRYS04', 32),
(425, 'BARM740922HOCLSR09', 29),
(426, 'ZARS780523MOCRBN09', 12),
(427, 'ZARS780523MOCRBN09', 24),
(428, 'VALM751004MOCSPR01', 15),
(429, 'VALM751004MOCSPR01', 31),
(430, 'gocd900716mdfmrr00', 25),
(431, 'gocd900716mdfmrr00', 33),
(432, 'VALT861115HOCSPM02', 13),
(433, 'AOHF751221MOCNRR08', 23),
(434, 'AOHF751221MOCNRR08', 29),
(435, 'VAAA800107MGRRGD09', 15),
(436, 'GACB730314HOCRML05', 13),
(437, 'GACB730314HOCRML05', 22),
(438, 'VAAA800107MGRRGD09', 28),
(439, 'DOTC760523HOCLLR07', 25),
(440, 'DOTC760523HOCLLR07', 19),
(441, 'SABM660414HOCLRN01', 14),
(442, 'MIAI911027HOCGMS06', 18),
(443, 'LORC811122MOCPFC04', 23),
(444, 'LORC811122MOCPFC04', 25),
(445, 'GAMS850721HOCRRR03', 13),
(446, 'HEVL740211MOCRSR05', 18),
(447, 'HEVL740211MOCRSR05', 22),
(448, 'AAMM800115MOCLRR06', 17),
(449, 'SAMA741214MDFLNN03', 18),
(450, 'SAMA741214MDFLNN03', 33),
(451, 'AAMM800115MOCLRR06', 27),
(452, 'GAMS850721HOCRRR03', 29),
(453, 'EARI830503MOCSYT09', 18),
(454, 'EARI830503MOCSYT09', 33),
(455, 'MIAI911027HOCGMS06', 19),
(456, 'VECJ930730HOCLRV01', 15),
(457, 'VECJ930730HOCLRV01', 19),
(458, 'Maol891115mocrjs06', 17),
(459, 'Maol891115mocrjs06', 29),
(460, 'AURF840218HOCQDL17', 17),
(461, 'AURF840218HOCQDL17', 34),
(462, 'CAMY880801MOCNRR18', 16),
(463, 'DIME700306MOCZNL05', 12),
(464, 'DIME700306MOCZNL05', 27),
(465, 'CAMY880801MOCNRR18', 31),
(468, 'MAMY811104MOCRRC02', 18),
(469, 'AAAL771117MOCRGD04', 23),
(470, 'MAMY811104MOCRRC02', 22),
(471, 'AAAL771117MOCRGD04', 22),
(472, 'OIMM780928HOCLNR05', 13),
(473, 'OIMM780928HOCLNR05', 33),
(474, 'MERJ790824HOCRYS04', 17),
(475, 'MERJ790824HOCRYS04', 22),
(476, 'CEBC811104HOCRZR05', 18),
(477, 'CEBC811104HOCRZR05', 31),
(478, 'EEGE901122HOCNRD08', 18),
(479, 'EEGE901122HOCNRD08', 31),
(480, 'VECE870522MDFNRL01', 18),
(481, 'VECE870522MDFNRL01', 22),
(482, 'IAXM760729MOCNXR00', 23),
(483, 'soar870912hocsqm01', 13),
(484, 'IAXM760729MOCNXR00', 22),
(485, 'TOMJ760909HOCLNL09', 25),
(486, 'GAVC840515HOCLSR08', 23),
(487, 'HIAD830615HOCDBV03', 15),
(488, 'HIAD830615HOCDBV03', 27),
(489, 'TOMJ760909HOCLNL09', 34),
(490, 'JIJE920812HOCMMD00', 13),
(492, 'JABA620817HOCRLD05', 15),
(493, 'GAVC840515HOCLSR08', 22),
(494, 'CAEC810302HOCRSR01', 17),
(495, 'JIJE920812HOCMMD00', 26),
(496, 'JABA620817HOCRLD05', 33),
(497, 'GAVA861026MOCRNR05', 14),
(498, 'CAEC810302HOCRSR01', 22),
(499, 'GOMI780409HOCMRS06', 13),
(500, 'PEZI870625MOCRRS02', 23),
(501, 'PEZI870625MOCRRS02', 19),
(502, 'GOMI780409HOCMRS06', 33),
(503, 'TOOI800805HOCRSS12', 21),
(504, 'AOCE761130MOCNNL01', 13),
(505, 'HECC820726MVZRSR09', 17),
(506, 'AOCE761130MOCNNL01', 28),
(507, 'HECC820726MVZRSR09', 26),
(508, 'TOOI800805HOCRSS12', 35),
(509, 'PADG770903HOCCZR08', 21),
(510, 'PADG770903HOCCZR08', 27),
(511, 'AUPI811127HOCHRS09', 16),
(514, 'AUPI811127HOCHRS09', 19),
(515, 'RETH820223MOCYPM08', 15),
(517, 'OIOE780425MOCLRV07', 14),
(518, 'MEHE860102HOCNRL02', 15),
(519, 'OIOE780425MOCLRV07', 33),
(520, 'MEHE860102HOCNRL02', 36),
(521, 'MAJM850315HOCRMG06', 13),
(522, 'CAHS870501MOCSRL07', 21),
(523, 'CAHS870501MOCSRL07', 22),
(524, 'Pela830630hocrpl01', 12),
(525, 'Pela830630hocrpl01', 27),
(526, 'MAMU820919HOCRNR00', 21),
(527, 'MAMU820919HOCRNR00', 22),
(528, 'MALR830311MOCCZS19', 12),
(529, 'MALR830311MOCCZS19', 24),
(530, 'OEGO800207HOCJZS05', 15),
(531, 'OEGO800207HOCJZS05', 31),
(532, 'BERC850717MOCTMR04', 12),
(533, 'MAJM850315HOCRMG06', 22),
(534, 'BERC850717MOCTMR04', 28),
(535, 'VAMF640604HOCRLR08', 24),
(536, 'VAMF640604HOCRLR08', 27),
(537, 'LETL850208MOCZJC03', 16),
(538, 'loha820118hynprl00', 25),
(539, 'loha820118hynprl00', 22),
(540, 'CALR800517HOCNPM00', 25),
(541, 'LETL850208MOCZJC03', 28),
(542, 'CALR800517HOCNPM00', 34),
(543, 'LOGJ710718HOCPRV05', 23),
(544, 'LOGJ710718HOCPRV05', 27),
(545, 'lusr860324hocsnb17', 21),
(546, 'lusr860324hocsnb17', 28),
(547, 'GUAH790215HOCTLG03', 23),
(548, 'GUAH790215HOCTLG03', 27),
(549, 'SACJ750310MOCNRS08', 14),
(550, 'SACJ750310MOCNRS08', 22),
(551, 'MOLD800907MOCNPN03', 17),
(552, 'MOLD800907MOCNPN03', 26),
(553, 'RAGS830718HVZMMR07', 23),
(554, 'RAGS830718HVZMMR07', 19),
(555, 'LOSA890312HOCPNB05', 21),
(556, 'LOSA890312HOCPNB05', 27),
(557, 'AEAR871223MOCRLB08', 14),
(558, 'HEGE871227HOCRRD06', 24),
(559, 'AEAR871223MOCRLB08', 29),
(560, 'HEGE871227HOCRRD06', 29),
(561, 'JOVA761024HOCSLD06', 23),
(563, 'GAMJ780228HOCLRV03', 21),
(564, 'CAHY930119HOCLRB07', 23),
(565, 'CAHY930119HOCLRB07', 26),
(566, 'PAOA831007HOCRRR07', 16),
(567, 'PAOA831007HOCRRR07', 31),
(568, 'MAPL881025MOCYRR06', 14),
(569, 'MAPL881025MOCYRR06', 22),
(570, 'GAMJ780228HOCLRV03', 31),
(571, 'PEGL870404HOCRRN06', 24),
(572, 'PEGL870404HOCRRN06', 33),
(573, 'MALJ880906HOCLPS05', 16),
(575, 'BAGM841113MOCRZR01', 14),
(576, 'BAGM841113MOCRZR01', 32),
(577, 'DICR900221HOCZRL03', 16),
(578, 'DICR900221HOCZRL03', 31),
(579, 'BAAS870704MOCTGL01', 14),
(580, 'BAAS870704MOCTGL01', 19),
(581, 'JIML890622HOCMRR03', 16),
(582, 'JIML890622HOCMRR03', 19),
(583, 'PAGJ830104MOCCRN09', 23),
(584, 'GACR830410MOCRRC04', 23),
(585, 'GACR830410MOCRRC04', 19),
(586, 'PAGJ830104MOCCRN09', 19),
(587, 'MAGM840110MOCRLR02', 14),
(588, 'MAGM840110MOCRLR02', 22),
(589, 'LOPR811114HOCPRG04', 15),
(590, 'HESC870311HOCRNN03', 17),
(591, 'LOPR811114HOCPRG04', 28),
(592, 'HESC870311HOCRNN03', 28),
(593, 'PACE840329MOCLVL03', 24),
(594, 'PACE840329MOCLVL03', 22),
(595, 'GAAJ811223HOCRNS09', 15),
(596, 'GAAJ811223HOCRNS09', 30),
(597, 'JIFC710225HOCMGS00', 15),
(598, 'JIFC710225HOCMGS00', 28),
(599, 'BOJE850401MOCLLL08', 34),
(600, 'CXCO840701HOCBRS02', 34),
(601, 'CAJK910524MOCSMN05', 16),
(602, 'CAJK910524MOCSMN05', 28),
(603, 'locs830527hocpsm06', 17),
(604, 'locs830527hocpsm06', 27),
(605, 'CIRL780118HOCRDM17', 20),
(606, 'CIRL780118HOCRDM17', 26),
(607, 'BAJM810218HOCTCX14', 20),
(608, 'GURI780401HOCTJR09', 23),
(609, 'BAJM810218HOCTCX14', 22),
(610, 'GURI780401HOCTJR09', 26),
(611, 'GAHF750102HOCRRL05', 15),
(612, 'GAHF750102HOCRRL05', 30),
(613, 'manp851005hocrxl00', 23),
(614, 'manp851005hocrxl00', 27),
(615, 'TULJ810615HOCRPN00', 20),
(616, 'TULJ810615HOCRPN00', 27),
(617, 'GUHH911122HOCTRN04', 14),
(618, 'GUHH911122HOCTRN04', 26),
(619, 'CAPJ781229HOCHDS09', 17),
(620, 'CAPJ781229HOCHDS09', 33),
(621, 'MASY960903MOCRNL07', 15),
(622, 'MASY960903MOCRNL07', 31),
(623, 'SANR660319HOCNXC04', 24),
(624, 'SANR660319HOCNXC04', 33),
(625, 'CAVC851123HOCBLL00', 14),
(626, 'CAVC851123HOCBLL00', 31),
(627, 'OIJL900905MOCRRR06', 15),
(628, 'OIJL900905MOCRRR06', 26),
(629, 'Mavh870606mocrnr05', 16),
(630, 'vich860729hoccrm02', 16),
(631, 'Mavh870606mocrnr05', 31),
(632, 'vich860729hoccrm02', 31),
(633, 'AUGF660314HCSLTL09', 15),
(634, 'AUGF660314HCSLTL09', 26),
(635, 'SARM590513HOCRDR02', 15),
(636, 'SARM590513HOCRDR02', 26),
(637, 'ROCR780101HOCSBC09', 16),
(638, 'ROCR780101HOCSBC09', 27),
(639, 'COGR850120HOCRRB07', 24),
(640, 'PEDL840208MOCRMC06', 23),
(641, 'COGR850120HOCRRB07', 29),
(642, 'PEDL840208MOCRMC06', 31),
(643, 'OIBM751009HOCRRN08', 15),
(644, 'OIBM751009HOCRRN08', 31),
(645, 'GUHE881109MOCTRL05', 14),
(646, 'VAGA720506HOCRBB05', 14),
(647, 'VAGA720506HOCRBB05', 26),
(648, 'EEAV830216HOCSSC03', 26),
(649, 'EEAV830216HOCSSC03', 23),
(650, 'GUHE881109MOCTRL05', 31),
(651, 'soar870912hocsqm01', 27),
(652, 'BAMO620121HOCLNS08', 24),
(653, 'BAMO620121HOCLNS08', 32),
(654, 'VALT861115HOCSPM02', 29),
(655, 'VEAL760601MOCLNZ02', 25),
(656, 'COSM760504HOCRNR09', 15),
(657, 'COSM760504HOCRNR09', 26),
(658, 'VISA890613HOCLNN03', 25),
(659, 'VISA890613HOCLNN03', 28),
(660, 'OILI840831MOCRPR06', 16),
(661, 'OILI840831MOCRPR06', 27),
(662, 'FARC750622HOCSYH06', 25),
(663, 'FARC750622HOCSYH06', 36),
(664, 'MAMW880803hocrrl08', 15),
(665, 'MAMW880803hocrrl08', 36),
(666, 'PEML781020MOCRRT08', 15),
(667, 'LOOS830828HOCPSN03', 34),
(668, 'LOOS830828HOCPSN03', 16),
(669, 'DICF811124HOCZRR00', 28),
(670, 'VAFA800519MOCSRD07', 26),
(671, 'AURL810203HOCGDR07', 24),
(672, 'VEOS861030HOCLJR01', 25),
(673, 'VEOS861030HOCLJR01', 34),
(674, 'AURL810203HOCGDR07', 27),
(675, 'FALJ811024HOCRPN00', 16),
(676, 'FALJ811024HOCRPN00', 27),
(677, 'TORE851106MOCLML04', 24),
(678, 'TORE851106MOCLML04', 31),
(679, 'JUCE761026HOCRRM06', 27),
(680, 'JUCE761026HOCRRM06', 33),
(681, 'MERD801229HOCRZV03', 25),
(682, 'MERD801229HOCRZV03', 31),
(683, 'MALJ860506HOCTNN00', 25),
(684, 'MALJ860506HOCTNN00', 36),
(685, 'guhf900507moctrr05', 24),
(686, 'GOOL840713MOCNRR00', 16),
(687, 'FEPG660122HOCNRD06', 25),
(688, 'FEPG660122HOCNRD06', 34),
(689, 'CARC800112HOCSYR03', 27),
(690, 'CARC800112HOCSYR03', 24),
(691, 'JOVA761024HOCSLD06', 16),
(692, 'BAGJ840814HOCTRS01', 29),
(693, 'MEHC751024HOCNRR17', 24),
(694, 'MEHC751024HOCNRR17', 36),
(695, 'ROLL850530MOCBPZ08', 29);

-- --------------------------------------------------------

--
-- Estructura de tabla para la tabla `talleres`
--

CREATE TABLE `talleres` (
  `id_taller` int(11) NOT NULL,
  `nombre_taller` varchar(500) DEFAULT NULL,
  `grupo` varchar(15) DEFAULT NULL,
  `cupo` int(11) DEFAULT '30',
  `descripcion_taller` varchar(500) DEFAULT NULL
) ENGINE=InnoDB DEFAULT CHARSET=latin1 COMMENT='Tabla que contiene todos los talleres que se imparten en el ';

--
-- Volcado de datos para la tabla `talleres`
--

INSERT INTO `talleres` (`id_taller`, `nombre_taller`, `grupo`, `cupo`, `descripcion_taller`) VALUES
(12, 'Divertiquimica , la experimentación en las ciencias naturales como proceso de investigación y busqueda de soluciones', 'A', 0, '1_divertiquimica_descripcion.docx'),
(13, 'Metodologías activas para el aprendizaje de las ciencias', 'A', 0, '2_motodologias_activa.docx'),
(14, 'Teatro herramientas didácticas: Experiencias escénicas colectivas y colaborativas para la enseñanza-aprendizaje', 'A', 0, '3_teatro_didactico.docx'),
(15, 'Arte y participación en los procesos educativos ', 'A', 0, '4_arte_participacion.docx'),
(16, 'Máscaras, Reflejos de Identidad', 'A', 6, '5_mascaras.docx'),
(17, '¿Dónde está la Creatividad? Su relación con la criticidad y la ética', 'A', 0, '6_donde_creatividad.docx'),
(18, 'Desarrollo de habilidades socioemocionales', 'A', 0, '7_desarrollo.docx'),
(19, 'Formación intercultural docente', 'B', 0, '8_formacion.docx'),
(20, 'REPROBACIÓN Y OTRAS INCOHERENCIAS. Evaluación del aprendizaje & calificación del conocimiento', 'A', 0, '9_reprobacion.docx'),
(21, 'Pensamiento de diseño (Design thinking) creando proyectos innovadores', 'A', 0, '10_prensamiento_disenio.docx'),
(22, 'Sistema modular e interculturalidad: Una propuesta alternativa en la educación', 'B', 0, '11_sistema_modular.docx'),
(23, 'El documental: Una herramienta para el cambio social', 'A', 0, '12_eldocumental.docx'),
(24, 'Riesgos ambientales: Identificación y prevención ', 'A', 14, '13_riesgos_ambientales.docx'),
(25, 'Delito cibernético: ¿Cómo prevenir, atender y brindar apoyo en acoso cibernético?', 'A', 19, NULL),
(26, 'Desarrollo de habilidades socioemocionales', 'B', 0, '7_desarrollo.docx'),
(27, 'Metodologías activas para el aprendizaje de las ciencias', 'B', 1, '2_motodologias_activa.docx'),
(28, 'Teatro herramientas didácticas: Experiencias escénicas colectivas y colaborativas para la enseñanza-aprendizaje', 'B', 9, '3_teatro_didactico.docx'),
(29, 'Arte y participación en los procesos educativos ', 'B', 14, '4_arte_participacion.docx'),
(30, 'Máscaras, Reflejos de Identidad', 'B', 21, '5_mascaras.docx'),
(31, '¿Dónde está la Creatividad? Su relación con la criticidad y la ética', 'B', 9, '6_donde_creatividad.docx'),
(32, 'REPROBACIÓN Y OTRAS INCOHERENCIAS. Evaluación del aprendizaje & calificación del conocimiento', 'B', 0, '9_reprobacion.docx'),
(33, 'Pensamiento de diseño (Design thinking) creando proyectos innovadores', 'B', 9, '10_prensamiento_disenio.docx'),
(34, 'El documental: Una herramienta para el cambio social', 'B', 11, '12_eldocumental.docx'),
(35, 'Riesgos ambientales: Identificación y prevención ', 'B', 20, '13_riesgos_ambientales.docx'),
(36, 'Delito cibernético: ¿Cómo prevenir, atender y brindar apoyo en acoso cibernético?', 'B', 19, NULL);

-- --------------------------------------------------------

--
-- Estructura de tabla para la tabla `usuarios`
--

CREATE TABLE `usuarios` (
  `id_usuario` int(11) NOT NULL,
  `username` varchar(100) NOT NULL,
  `password` varchar(100) NOT NULL,
  `nombre` varchar(100) NOT NULL,
  `nivel` int(11) NOT NULL COMMENT '3 = Administracion total 2 = Administracion de elementos de curso, taller e infromacion'
) ENGINE=InnoDB DEFAULT CHARSET=latin1 COMMENT='Tabla que contiene los usuarios administrativos';

--
-- Volcado de datos para la tabla `usuarios`
--

INSERT INTO `usuarios` (`id_usuario`, `username`, `password`, `nombre`, `nivel`) VALUES
(1, 'sysadmincseiio1', 'fadeca2512', 'JOSUE ALEJANDRO RUIZ CHIMAL', 3),
(2, 'ciidiruser1', 'ciidir201750', 'HÉCTOR AGUILAR HERRERA', 2),
(3, 'ciidiruser2', 'ciidir201751', 'MAGALI MARTÍNEZ CORTÉS', 2),
(4, 'ciidiruser3', 'ciidir201752', 'OLGA PATRICIA HERRERA ARENAS', 2),
(5, 'sysadmincseiio2', 'fadeca2512', 'ROMEO CANSINO LOPEZ', 3),
(6, 'sysadmincseiio3', 'fadeca2512', 'ANGEL HERNANDEZ CRUZ', 3),
(7, 'sysadmincseiio4', 'fadeca2512', 'JOSE LOPEZ VELASCO', 3);

--
-- Índices para tablas volcadas
--

--
-- Indices de la tabla `bic`
--
ALTER TABLE `bic`
  ADD PRIMARY KEY (`clave_bic`);

--
-- Indices de la tabla `empleados`
--
ALTER TABLE `empleados`
  ADD PRIMARY KEY (`curp`),
  ADD KEY `FK_empleados_bic` (`bic`);

--
-- Indices de la tabla `ficha_registro`
--
ALTER TABLE `ficha_registro`
  ADD PRIMARY KEY (`id_registro`),
  ADD KEY `FK__empleados` (`curp`),
  ADD KEY `FK__bic` (`bic`);

--
-- Indices de la tabla `registro_taller`
--
ALTER TABLE `registro_taller`
  ADD PRIMARY KEY (`id_regtaller`),
  ADD KEY `FK_registro_taller_empleados` (`curp`),
  ADD KEY `FK_registro_taller_talleres` (`id_taller`);

--
-- Indices de la tabla `talleres`
--
ALTER TABLE `talleres`
  ADD PRIMARY KEY (`id_taller`);

--
-- Indices de la tabla `usuarios`
--
ALTER TABLE `usuarios`
  ADD PRIMARY KEY (`id_usuario`);

--
-- AUTO_INCREMENT de las tablas volcadas
--

--
-- AUTO_INCREMENT de la tabla `ficha_registro`
--
ALTER TABLE `ficha_registro`
  MODIFY `id_registro` int(11) NOT NULL AUTO_INCREMENT, AUTO_INCREMENT=394;
--
-- AUTO_INCREMENT de la tabla `registro_taller`
--
ALTER TABLE `registro_taller`
  MODIFY `id_regtaller` int(11) NOT NULL AUTO_INCREMENT, AUTO_INCREMENT=696;
--
-- AUTO_INCREMENT de la tabla `talleres`
--
ALTER TABLE `talleres`
  MODIFY `id_taller` int(11) NOT NULL AUTO_INCREMENT, AUTO_INCREMENT=37;
--
-- AUTO_INCREMENT de la tabla `usuarios`
--
ALTER TABLE `usuarios`
  MODIFY `id_usuario` int(11) NOT NULL AUTO_INCREMENT, AUTO_INCREMENT=8;
--
-- Restricciones para tablas volcadas
--

--
-- Filtros para la tabla `empleados`
--
ALTER TABLE `empleados`
  ADD CONSTRAINT `FK_empleados_bic` FOREIGN KEY (`bic`) REFERENCES `bic` (`clave_bic`);

--
-- Filtros para la tabla `ficha_registro`
--
ALTER TABLE `ficha_registro`
  ADD CONSTRAINT `FK__bic` FOREIGN KEY (`bic`) REFERENCES `bic` (`clave_bic`),
  ADD CONSTRAINT `FK__empleados` FOREIGN KEY (`curp`) REFERENCES `empleados` (`curp`);

--
-- Filtros para la tabla `registro_taller`
--
ALTER TABLE `registro_taller`
  ADD CONSTRAINT `FK_registro_taller_empleados` FOREIGN KEY (`curp`) REFERENCES `empleados` (`curp`),
  ADD CONSTRAINT `FK_registro_taller_talleres` FOREIGN KEY (`id_taller`) REFERENCES `talleres` (`id_taller`);

/*!40101 SET CHARACTER_SET_CLIENT=@OLD_CHARACTER_SET_CLIENT */;
/*!40101 SET CHARACTER_SET_RESULTS=@OLD_CHARACTER_SET_RESULTS */;
/*!40101 SET COLLATION_CONNECTION=@OLD_COLLATION_CONNECTION */;
