-- phpMyAdmin SQL Dump
-- version 4.5.1
-- http://www.phpmyadmin.net
--
-- Servidor: 127.0.0.1
-- Tiempo de generación: 07-07-2017 a las 17:37:24
-- Versión del servidor: 10.1.13-MariaDB
-- Versión de PHP: 5.6.21

SET SQL_MODE = "NO_AUTO_VALUE_ON_ZERO";
SET time_zone = "+00:00";


/*!40101 SET @OLD_CHARACTER_SET_CLIENT=@@CHARACTER_SET_CLIENT */;
/*!40101 SET @OLD_CHARACTER_SET_RESULTS=@@CHARACTER_SET_RESULTS */;
/*!40101 SET @OLD_COLLATION_CONNECTION=@@COLLATION_CONNECTION */;
/*!40101 SET NAMES utf8mb4 */;

--
-- Base de datos: `syscseiio_db`
--

-- --------------------------------------------------------

--
-- Estructura de tabla para la tabla `bic`
--

CREATE TABLE `bic` (
  `clave_bic` varchar(12) NOT NULL,
  `nombre_bic` varchar(80) NOT NULL
) ENGINE=InnoDB DEFAULT CHARSET=latin1 COMMENT='Contiene las claves y nombres de los BIC ';

--
-- Volcado de datos para la tabla `bic`
--

INSERT INTO `bic` (`clave_bic`, `nombre_bic`) VALUES
('20EBD0001C', 'GUELATAO DE JUAREZ'),
('20EBD0002B', 'SANTA MARIA ALOTEPEC'),
('20EBD0003A', 'ELOXOCHITLAN DE FLORES MAGON'),
('20EBD0004Z', 'SANTA MARIA CHIMALAPA '),
('20EBD0005Z', 'SANTIAGO CHOAPAM'),
('20EBD0006Y', 'SANTIAGO LACHIRIOAG'),
('20EBD0007X', 'SANTIAGO NUYOO '),
('20EBD0008W', 'SANTA MARIA NUTIO'),
('20EBD0009V', 'SANTIAGO XOCHILTEPEC'),
('20EBD0011J', 'NGAU NIYA YANU ZACU KJUABITSIEN'),
('20EBD0012I', 'SAN MIGUEL CHIMALAPA'),
('20EBD0013H', 'SANTIAGO XANICA'),
('20EBD0014G', 'JALTEPEC DE CANDAYOC'),
('20EBD0015F', 'SAN ANTONIO HUITEPEC'),
('20EBD0016E', 'SANTO DOMINGO TEPUXTEPEC'),
('20EBD0017D', 'SANTIAGO LALOPA'),
('20EBD0018C', 'SAN AGUSTÍN TLACOTEPEC'),
('20EBD0019B', 'SANTA MARIA TEOPOXCO'),
('20EBD0020R', 'SAN PEDRO SOCHIAPAM'),
('20EBD0021Q', 'SANTIAGO IXTAYUTLA'),
('20EBD0022P', 'SAN JOSE DE LAS FLORES'),
('20EBD0023O', 'SAN BARTOLOMÉ AYAUTLA'),
('20EBD0024N', 'SANTIAGO TETEPEC'),
('20EBD0025M', 'SAN MARTIN PERAS'),
('20EBD0026L', 'SAN ANDRES SOLAGA'),
('20EBD0027K', 'ALVARO OBREGON'),
('20EBD0028J', 'SANTOS REYES PÁPALO'),
('20EBD0029I', 'TEOTITLÁN DEL VALLE'),
('20EBD0030Y', ' SAN JERONIMO NUCHITA'),
('20EBD0031X', 'SAN MIGUEL AHUEHUETITLAN'),
('20EBD0032W', 'SANTIAGO IXTALTEPEC'),
('20EBD0033V', 'LÁZARO CÁRDENAS'),
('20EBD0034U', 'SAN LORENZO CUAUNECUILTITLA'),
('20EBD0035T', 'SAN VICENTE COATL?N'),
('20EBD0036S', 'EL CARRIZAL'),
('20EBD0037R', 'LLANO VÍBORA'),
('20EBD0038Q', 'ARROYO SÚCHIL'),
('20EBD0039P', 'SANTA MARIA TEMAXCALAPA'),
('20EBD0040E', 'SAN BARTOLOMÉ ZOOGOCHO'),
('20EBD0041D', 'BENITO JUAREZ'),
('20EBD0042C', 'EL GACHUPIN'),
('20EBD0043B', 'LA BLANCA'),
('20EBD0044A', 'SANTA MARIA YAVICHE'),
('20EBD0045Z', 'SAN PEDRO ÑUMI'),
('20EBD0046Z', 'COATECAS ALTAS'),
('20EBD0047Y', 'LA VENTOSA'),
('20EBD0048X', 'AQUILES SERDAN'),
('20EBD0049W', 'SAN MIGUEL LACHIXOLA'),
('CSEIIOOFCRT', 'CSEIIO OFICINAS CENTRALES'),
('UESA1612', 'UNIDAD DE ESTUDIOS SUPERIORES DE ALOTEPEC');

-- --------------------------------------------------------

--
-- Estructura de tabla para la tabla `cursos`
--

CREATE TABLE `cursos` (
  `id_curso` int(11) NOT NULL,
  `nombre_curso` varchar(500) NOT NULL,
  `grupo` varchar(15) DEFAULT NULL,
  `cupo` int(11) DEFAULT NULL,
  `descripcion_curso` varchar(500) DEFAULT NULL,
  `clave_curso` int(11) DEFAULT NULL
) ENGINE=InnoDB DEFAULT CHARSET=latin1 COMMENT='Contiene la infromacion de los corsus que se van a impartir en el congreso';

-- --------------------------------------------------------

--
-- Estructura de tabla para la tabla `empleados`
--

CREATE TABLE `empleados` (
  `curp` varchar(50) NOT NULL DEFAULT '',
  `nombre` varchar(100) DEFAULT NULL,
  `bic` varchar(50) DEFAULT NULL,
  `categoria` varchar(50) DEFAULT NULL,
  `registrado` int(11) NOT NULL DEFAULT '0' COMMENT '0 = No registrado - 1 = Registrado',
  `academia` varchar(50) DEFAULT NULL COMMENT 'Diferentes academias que se tienen en el CSEIIO'
) ENGINE=InnoDB DEFAULT CHARSET=latin1 COMMENT='Tabla que contiene la plantilla de empleados del CSEIIO';

--
-- Volcado de datos para la tabla `empleados`
--

INSERT INTO `empleados` (`curp`, `nombre`, `bic`, `categoria`, `registrado`, `academia`) VALUES
('AAAL771117MOCRGD04', 'LIDICE OFELIA ARAGON AGUILAR                    ', '20EBD0015F', 'PROFESOR ASOCIADO B 5B INV', 0, NULL),
('AADS600620HOCLNL04', 'SILVERIO ALVARADO DONATO                        ', '20EBD0020R', 'INTENDENTE DE PLANTEL 5NT', 0, NULL),
('AAHF860518HOCLRD07', 'FEDERICO ALVAREZ HERNANDEZ ', '20EBD0003A', 'INTENDENTE DE PLANTEL 5NT', 0, NULL),
('AAMA810424HOCLRL00', 'JOSE ALBERTO ALCALA MARTINEZ', 'CSEIIOOFCRT', 'PROFESOR ASOCIADO OFCTRL', 0, NULL),
('AAMF841223MOCNNB05', 'FABIANA ANASTASIO MENDEZ ', '20EBD0034U', 'PROFESOR ASOCIADO B INV ', 0, NULL),
('AAMM800115MOCLRR06', 'MAURA ALTAMIRANO MARTINEZ', '20EBD0001C', 'PROFESOR ASOCIADO B 5C INV', 0, NULL),
('AAMR900312HOCLND02', ' RODRIGO ALAVEZ MENDEZ  ', '20EBD0029I', 'INTENDENTE DE PLANTEL ', 0, NULL),
('AARA840927MOCPMD06', 'AIDEE ROSA APARICIO RAMIREZ                       ', '20EBD0011J', 'PROFESOR ASOCIADO B 5C INV', 0, NULL),
('AATG880129MSLLNL07', 'GLADIS ALCAZAR TONCHEZ ', 'CSEIIOOFCRT', 'PROFESOR ASOCIADO B INV ', 0, NULL),
('AEAR871223MOCRLB08', 'RUBI KARINA ARELLANES ALVARADO ', '20EBD0049W', 'PROFESOR ASOCIADO B INV', 0, NULL),
('AEHG831118HOCRRL06', 'GUILLERMO ROMAN ARREOLA HERNANDEZ ', '20EBD0040E', 'PROFESOR ASOCIADO B 5C INV', 0, NULL),
('AEMO800629HOCVNM13', 'OMAR AVENDAÑO MONTALVO', '20EBD0003A', 'PROFESOR ASOCIADO B 3A INV', 0, NULL),
('AENR880926MOCLZY08', 'REYNA ALLENDE NAZARIO ', '20EBD0017D', 'PROFESOR ASOCIADO B PROM', 0, 'DESARROLLO COMUNITARIO'),
('AEPS830422MPLSCN02', 'SENORINA ASCENCION PACHECO ', '20EBD0019B', 'PROFESOR ASOCIADO B 5C INV', 0, NULL),
('AERO730416MVZCNF01', 'OFELIA ACEVEDO RENTERAL                         ', '20EBD0016E', 'PROFESOR ASOCIADO B 5NT INV', 0, NULL),
('AESL860715MOCCLL01', 'LILIA ACEVEDO SILVA ', '20EBD0003A', 'SECRETARIA(O)  DE PLANTEL 5NT', 0, NULL),
('AIAM910926MOCVVR07', 'MARIBEL AVILA AVILA', '20EBD0031X', 'PROFESOR ASOCIADO B INV ', 0, 'DESARROLLO COMUNITARIO'),
('AOCE761130MOCNNL01', 'ELIZABETH ANTONIO CANO                          ', '20EBD0045Z', 'PROFESOR ASOCIADO B 5C INV', 0, NULL),
('AOHF751221MOCNRR08', 'FRANCISCA ANTONIO HERN?NDEZ', 'UESA1612', 'PROFESOR ASOCIADO DIRECTOR', 0, NULL),
('AOJE820821MOCNRD07', 'EDITH ANTONIO JUAREZ ', '20EBD0035T', 'PROFESOR ASOCIADO B 5C INV', 0, NULL),
('AOMI810504HOCRRN03', 'INTI ARZOLA MARCIAL', '20EBD0029I', 'PROFESOR ASOCIADO B INV ', 0, NULL),
('AOPR800403HOCMRC05', 'RICARDO AMBROSIO PRADO ', '20EBD0006Y', 'PROFESOR ASOCIADO C 5NT', 0, NULL),
('AOTA650911HMCNLQ06', 'AQUILES ANTONIO TOLEDO ', '20EBD0043B', 'INTENDENTE DE PLANTEL', 0, NULL),
('AUGF660314HCSLTL09', 'FLORENTINO ALTUZAR GUTI?RREZ', '20EBD0027K', 'PROFESOR ASOCIADO DIRECTOR', 0, NULL),
('AUHH900510HOCGRC04', 'AGUILAR HERRERA HECTOR', '20EBD0001C', 'PROFESOR ASOCIADO B INV', 0, NULL),
('AUJL630309HOCGNS05', 'LUIS AGUILAR JUAN                                ', '20EBD0012I', 'INTENDENTE DE PLANTEL 5NT', 0, NULL),
('AUPI811127HOCHRS09', 'ISAAC AHUJA PAREDES ', '20EBD0023O', 'PROFESOR ASOCIADO C TC', 0, NULL),
('AURF840218HOCQDL17', 'FELIX AQUINO RODRIGUEZ                       ', '20EBD0014G', 'PROFESOR ASOCIADO B 5C INV', 0, NULL),
('AURL810203HOCGDR07', 'LAURENTINO AGUILAR RODRIGUEZ ', '20EBD0039P', 'PROFESOR ASOCIADO B 5C INV', 0, NULL),
('BAAS870704MOCTGL01', 'SILVIA BAUTISTA AGUILAR ', '20EBD0018C', 'PROFESOR ASOCIADO C TC', 0, NULL),
('BABB850705MOCTTT09', 'BEATRIZ BAUTISTA BAUTISTA ', '20EBD0017D', 'SECRETARIA(O)  DE PLANTEL 5NT', 0, NULL),
('BAFS800409HOCRNL02', 'SALVADOR BRAVO FUENTES ', '20EBD0003A', 'PROFESOR ASOCIADO B 5C PROM', 0, 'DESARROLLO COMUNITARIO'),
('BAGJ840814HOCTRS01', 'JOSE BAUTISTA GARCIA ', '20EBD0007X', 'PROFESOR ASOCIADO B 5C INV', 0, NULL),
('BAGM741008MOCRZR01', 'MARTHA BARRIOS GUZMAN ', '20EBD0035T', 'PROFESOR ASOCIADO B 5C INV', 0, NULL),
('BAGM841113MOCRZR01', ' MARIBEL BARRIOS GUZMAN ', '20EBD0048X', 'PROFESOR ASOCIADO B INV ', 0, NULL),
('BAHT790206HOCTRM08', 'TOMAS BAUTISTA HERNANDEZ ', '20EBD0026L', 'PROFESOR ASOCIADO B INV ', 0, NULL),
('BAJM810218HOCTCX14', 'MAXIMO BAUTISTA JACINTO', '20EBD0002B', 'PROFESOR ASOCIADO DIRECTOR', 0, NULL),
('BALG730818MOCTPL09', 'GUILLERMINA BAUTISTA LOPEZ                        ', '20EBD0018C', 'PROFESOR ASOCIADO B 5C INV', 0, NULL),
('BALS831228MOCTPL04', 'SILVIA BAUTISTA LOPEZ                            ', '20EBD0007X', 'SECRETARIA(O)  DE PLANTEL 5NT', 0, NULL),
('BAMM770429HOCTNR07', 'MARCELO BAUTISTA MENDEZ ', '20EBD0028J', 'PROFESOR ASOCIADO B 5C INV', 0, 'DESARROLLO COMUNITARIO'),
('BAMO620121HOCLNS08', 'OSCAR BALTAZAR MENDOZA', '20EBD0020R', 'PROFESOR ASOCIADO DIRECTOR', 0, NULL),
('BAMT881203NOCTNN09', 'TANIA BAUTISTA MONROY', 'UESA1612', 'PROFESOR ASOCIADO UESA', 0, NULL),
('BARM740922HOCLSR09', 'MARIANO BLAS RASGADO                           ', '20EBD0012I', 'PROFESOR ASOCIADO B 5B INV', 0, NULL),
('BATD860218MOCRLL03', ' DULCE MARIA BARRERA TOLEDO ', '20EBD0032W', 'PROFESOR ASOCIADO B INV ', 0, NULL),
('BATN800318HOCRLL00', 'NELSON BARRERA TOLEDO                             ', '20EBD0027K', 'PROFESOR ASOCIADO B 5C INV', 0, NULL),
('BAVE910419MOCTLL06', 'ELEDY BAUTISTA VELASCO', '20EBD0034U', 'PROFESOR ASOCIADO DIRECTOR', 0, NULL),
('BELJ690321HSLLNC02', 'JACINTO BELTR?N LANDEROS', '20EBD0046Z', 'PROFESOR ASOCIADO DIRECTOR', 0, NULL),
('BERC850717MOCTMR04', 'CAROLINA BETETA RAMIREZ ', '20EBD0037R', 'PROFESOR ASOCIADO B 3A INV', 0, NULL),
('BOJE850401MOCLLL08', 'ELDA BOLAÑOS JULIAN ', '20EBD0036S', 'PROFESOR ASOCIADO B 3B INV', 0, NULL),
('BOPA770424HOCLCL03', 'ALEJANDRO BOLA?OS PACHECO', '20EBD0029I', 'PROFESOR ASOCIADO DIRECTOR', 0, NULL),
('CAEC810302HOCRSR01', 'CARLOS CARRERA ESPEJO                         ', '20EBD0020R', 'PROFESOR ASOCIADO B 5C INV', 0, NULL),
('CAEH830205MOCRSL05', 'HILDA CARRERA ESPEJO', '20EBD0008W', 'PROFESOR ASOCIADO B INV ', 0, NULL),
('CAGD770608MOCRRL08', 'DALILA CARBALLIDO GARCIA', 'CSEIIOOFCRT', 'PROFESOR ASOCIADO OFCTRL', 0, NULL),
('CAGM790307MMCRRN04', 'MINERVA CARRERA GARCIA                     ', '20EBD0011J', 'SECRETARIA(O)  DE PLANTEL 5NT', 0, NULL),
('CAGY910418MDFNRS07', 'YESSICA JUDITH CANSECO GARCIA                     ', '20EBD0023O', 'SECRETARIA(O)  DE PLANTEL 5NT', 0, NULL),
('CAHC900329MOCSNL09', 'CLAUDIA,CASTILLEJOS HENESTROZA', '20EBD0024N', 'PROFESOR ASOCIADO B INV ', 0, NULL),
('CAHE820125MOCRRL00', 'ELVIRA CARRERA HERNANDEZ', '20EBD0025M', 'PROFESOR ASOCIADO B INV', 0, NULL),
('CAHF841026HOCRRS05', 'FAUSTINO CARRERA HERNANDEZ ', '20EBD0011J', 'PROFESOR ASOCIADO B 5C INV', 0, NULL),
('CAHL590126HOCRRB07', 'LEOBARDO CARRERA HERNANDEZ                        ', '20EBD0011J', 'PROFESOR ASOCIADO B 5C INV', 0, NULL),
('CAHS870501MOCSRL07', 'SALIA ROXANA CASTRO HERN?NDEZ', '20EBD0039P', 'PROFESOR ASOCIADO DIRECTOR', 0, NULL),
('CAHY930119HOCLRB07', 'YUBIEL CALLEJA HERNANDEZ ', '20EBD0009V', 'PROFESOR ASOCIADO C TC', 0, NULL),
('CAJJ870913HOCLQN01', 'JUAN AMADO CALLEJAS JOAQUIN', '20EBD0013H', 'PROFESOR ASOCIADO B INV', 0, NULL),
('CAJK910524MOCSMN05', 'KENIA AMAYRANI CASTILLEJOS JIM?NEZ', '20EBD0049W', 'PROFESOR ASOCIADO DIRECTOR', 0, NULL),
('CALL870213MOCSPZ01', 'LIZBETH CASTILLO LOPEZ ', '20EBD0023O', 'PROFESOR ASOCIADO B 5C INV', 0, NULL),
('CALR800517HOCNPM00', 'ROMEO CANSINO LOPEZ', 'CSEIIOOFCRT', 'PROFESOR ASOCIADO OFCTRL', 0, NULL),
('CAMB831202MOCSRR00', 'MARIA BRISEIDA CASTILLEJOS MARCIAL ', '20EBD0042C', 'PROFESOR ASOCIADO B 5C1 INV', 0, NULL),
('CAMB841227HMCSNC01', 'BACILIO ALEJANDRO CASTRO MONTES  ', '20EBD0036S', 'PROFESOR ASOCIADO B 5C INV', 0, NULL),
('CAMC801019HOCBRR03', 'CARLOS ALBERTO CABRERA MARTINEZ ', '20EBD0030Y', 'PROFESOR ASOCIADO B 5C INV', 0, 'DESARROLLO COMUNITARIO'),
('CAMG791103HOCBJM07', 'GAMALIEL CABALLERO MEJ?A', '20EBD0015F', 'PROFESOR ASOCIADO DIRECTOR', 0, NULL),
('CAMJ810527MOCRRN00', 'JANET CARRERA MARTINEZ                       ', '20EBD0011J', 'PROFESOR ASOCIADO B 5C INV', 0, 'DESARROLLO COMUNITARIO'),
('CAMJ910731MOCRRD08', 'JUDITH CARRASCO MARISCAL ', '20EBD0020R', 'SECRETARIA(O)  DE PLANTEL 5NT', 0, NULL),
('CAMV801101HOCYGL03', 'JOSE VALENTE CAYETANO MIGUEL ', '20EBD0026L', 'INTENDENTE DE PLANTEL 5NT', 0, NULL),
('CAMY880801MOCNRR18', ' YURIRIA CANSECO MARTINEZ ', '20EBD0002B', 'PROFESOR ASOCIADO B INV ', 0, NULL),
('CAPJ781229HOCHDS09', 'JES?S CH?VEZ PADILLA', '20EBD0013H', 'PROFESOR ASOCIADO DIRECTOR', 0, NULL),
('CARC800112HOCSYR03', 'CARLOS CASTILLEJOS REYES ', '20EBD0045Z', 'PROFESOR ASOCIADO B 5C INV', 0, NULL),
('CASA750102HOCBNL05', 'ALEJANDRO CABRERA SANCHEZ                 ', '20EBD0012I', 'PROFESOR ASOCIADO B 5C PROM', 0, 'DESARROLLO COMUNITARIO'),
('CASJ810116MOCHNL02', 'JULIANA CHARIS SANTIAGO ', '20EBD0027K', 'INTENDENTE DE PLANTEL', 0, NULL),
('CASJ960624HOCBNN00', ' JUAN ALBERTO CABALLERO SANCHEZ ', '20EBD0022P', 'INTENDENTE DE PLANTEL ', 0, NULL),
('CAVC851123HOCBLL00', 'CLEMENTE CABALLERO VALDIVIA ', '20EBD0022P', 'PROFESOR ASOCIADO B 3B INV', 0, NULL),
('CAVF860701HOCHRL08', 'FELICIANO CHAZAREZ VARGAS ', '20EBD0003A', 'PROFESOR ASOCIADO C TC', 0, NULL),
('CAVS740722HOCSDL09', 'SAUL CASTILLO VIDAL ', '20EBD0004Z', 'PROFESOR ASOCIADO B 5C PROM', 0, 'DESARROLLO COMUNITARIO'),
('CEBC811104HOCRZR05', 'CARLOS HUGO CERVANTES BAEZ', '20EBD0031X', 'PROFESOR ASOCIADO', 0, NULL),
('CEBC811104HOSRZR05', 'CARLOS HUGO CERVANTES BAEZ', '20EBD0031X', 'PROFESOR ASOCIADO B 3B INV', 0, NULL),
('CESJ770427HOCRNR02', 'JORGE CERVANTES SANTIBA?EZ                        ', '20EBD0042C', 'PROFESOR ASOCIADO B 5C INV', 0, NULL),
('CIRL780118HOCRDM17', 'LAMBERTO CRIST?BAL T?DRIGUEZ', '20EBD0028J', 'PROFESOR ASOCIADO DIRECTOR', 0, NULL),
('CIRS900309MVZDDN03', ' SANDRA IVONNE CID RODRIGUEZ ', '20EBD0019B', 'PROFESOR ASOCIADO B INV ', 0, NULL),
('COBJ900918HOCLTH02', 'JOHNNY ARIEL COLORES BAUTISTA', '20EBD0022P', 'PROFESOR ASOCIADO B INV', 0, NULL),
('COGL881211HOCRRN05', 'LEONCIO ROBERTO CORTES GARCIA ', '20EBD0013H', 'INTENDENTE DE PLANTEL 5NT', 0, NULL),
('COGR850120HOCRRB07', 'RUBEN CARLOS CORTES GARCIA ', '20EBD0013H', 'PROFESOR ASOCIADO C TC', 0, NULL),
('COJM890110HOCNLS06', 'MISAEL CONTRERAS JULIAN ', '20EBD0017D', 'PROFESOR ASOCIADO B INV ', 0, NULL),
('COJR780105MOCNMS04', 'ROSA CONFESOR JIMENEZ ', '20EBD0002B', 'INTENDENTE DE PLANTEL 5NT', 0, NULL),
('COSM760504HOCRNR09', 'MARQUITO CORTEZ SANCHEZ                           ', '20EBD0012I', 'PROFESOR ASOCIADO B 5B INV', 0, NULL),
('COXE840515MOCRXM06', 'EMYLSE CORONADO ', '20EBD0027K', 'SECRETARIA(O)  DE PLANTEL 5NT', 0, NULL),
('CUAC870602HOCRNN06', 'CINAR ADRIAN CRUZ ANTONIO ', '20EBD0014G', 'PROFESOR ASOCIADO B INV ', 0, NULL),
('CUBY870126MOCRRN04', 'YOANA KARINA CRUZ BARRAGAN ', '20EBD0018C', 'PROFESOR ASOCIADO B 5C INV', 0, NULL),
('CUGO770312HOCRLM03', 'OMAR CRUZ GALLEGOS                                ', '20EBD0027K', 'PROFESOR ASOCIADO B 5C INV', 0, NULL),
('CUGT820125HOCRRL09', 'TLALOC CRUZ GARCIA ', '20EBD0003A', 'PROFESOR ASOCIADO B 5C INV', 0, NULL),
('CURD880309MOCRDY04', 'DEYSI CRUZ RODRIGUEZ ', '20EBD0049W', 'PROFESOR ASOCIADO B INV', 0, NULL),
('CURY871220MOCVMD07', 'YADIRA CUEVAS RAMIREZ ', '20EBD0036S', 'PROFESOR ASOCIADO B 5C INV', 0, 'DESARROLLO COMUNITARIO'),
('CUSJ800424HOCRNR07', 'JORGE CRUZ SANCHEZ ', '20EBD0022P', 'INTENDENTE DE PLANTEL 5NT', 0, NULL),
('CUSM890917MOCRNR03', 'MARITZA CRUZ SANCHEZ ', '20EBD0020R', 'PROFESOR ASOCIADO B INV', 0, NULL),
('CXCO840701HOCBRS02', 'OSCAR CABRERA CARRERA', '20EBD0033V', 'PROFESOR ASOCIADO B INV ', 0, NULL),
('CXGA860508MOCNNN04', 'ANDREA JOCELYN CANSECO GONZALEZ ', '20EBD0002B', 'PROFESOR ASOCIADO B INV', 0, NULL),
('DIAM791130MOCGQR07', 'MIREYA DIEGO AQUINO ', 'CSEIIOOFCRT', 'PROFESOR ASOCIADO OFCTRL', 0, NULL),
('DICF811124HOCZRR00', 'FRANCISCO JAVIER DIAZ CRISTOBAL', '20EBD0003A', 'PROFESOR ASOCIADO DIRECTOR', 0, NULL),
('DICR900221HOCZRL03', 'RAUL DIAZ CERVANTES ', '20EBD0019B', 'PROFESOR ASOCIADO B INV', 0, NULL),
('DIGA890128HOCZRR03', 'AURELIO DIAZ GARCIA ', 'CSEIIOOFCRT', 'PROFESOR ASOCIADO B INV ', 0, NULL),
('DIGF821212HOCZNR00', 'FERNANDO DIAZ GONZALEZ                            ', '20EBD0019B', 'PROFESOR ASOCIADO B 5C INV', 0, NULL),
('DIME700306MOCZNL05', 'ELENA PATRICIA DIAZ MENDOZA                        ', '20EBD0046Z', 'PROFESOR ASOCIADO B 5C INV', 0, NULL),
('DORG810410MOCLBD03', 'GUADALUPE DOLORES ROBLES ', '20EBD0004Z', 'PROFESOR ASOCIADO B 5C INV', 0, NULL),
('DOTC760523HOCLLR07', 'CARLOS ROBERTO DOLORES TOLEDO', '20EBD0004Z', 'PROFESOR ASOCIADO DIRECTOR', 0, NULL),
('DUVA810613MOCRRN13', 'MA ANTONIA DUARTE VARELA ', '20EBD0003A', 'PROFESOR ASOCIADO B 5C INV', 0, NULL),
('EARI830503MOCSYT09', 'ITHALI CINDI ESPA?A REYES                         ', '20EBD0023O', 'PROFESOR ASOCIADO B 5C INV', 0, NULL),
('EAVR660417HOCSSD04', 'RODOLFO ESTRADA VASQUEZ                      ', '20EBD0019B', 'INTENDENTE DE PLANTEL 5NT', 0, NULL),
('EEAV830216HOCSSC03', 'VICTOR MANUEL ESPERON ASCONA', 'UESA1612', 'PROFESOR ASOCIADO UESA', 0, NULL),
('EEGE901122HOCNRD08', '  EDBERG ENCHE GUERRA ', '20EBD0020R', 'PROFESOR ASOCIADO B INV ', 0, NULL),
('EEHJ760519MVZSRL05', 'JULIA CRISTINA ESPERILLA HERNANDEZ', '20EBD0029I', 'PROFESOR ASOCIADO B 5C INV', 0, NULL),
('EEHJ781225MVZSRS02', 'MARIA DE JESUS ESPERILLA HERNANDEZ ', '20EBD0030Y', 'PROFESOR ASOCIADO B 5C INV', 0, NULL),
('EIBG850115MOCNTD06', 'GUADALUPE ENRIQUEZ BAUTISTA ', '20EBD0026L', 'SECRETARIA(O)  DE PLANTEL 5NT', 0, NULL),
('EOCN710214MOCSRL04', 'NELSHI ESCOBAR CARRASCO', '20EBD0032W', 'INTENDENTE DE PLANTEL', 0, NULL),
('EOVM880825MOCSLG02', 'MARIA MAGDALENA ESCOBAR VILLA ', '20EBD0032W', 'SECRETARIA(O)  DE PLANTEL', 0, NULL),
('FACP820409HDFRRD07', 'PEDRO LUIS FRANCISCO CRUZ ', '20EBD0036S', 'PROFESOR ASOCIADO B 5C INV', 0, NULL),
('FALA790415HOCRPL00', 'ALVARO FRANCISCO LOPEZ                  ', '20EBD0011J', 'PROFESOR ASOCIADO B 5C INV', 0, NULL),
('FALJ811024HOCRPN00', 'JENARO FRANCISCO LOPEZ ', '20EBD0039P', 'PROFESOR ASOCIADO B 5C INV', 0, NULL),
('FAMN850908MOCRRY05', 'NAYELI FRANCISCO MARTINEZ ', '20EBD0019B', 'PROFESOR ASOCIADO B 5C PROM', 0, 'DESARROLLO COMUNITARIO'),
('FAMS801012HOCRRL03', 'SALVINO FRANCISCO MORALES ', '20EBD0006Y', 'INTENDENTE DE PLANTEL 5NT', 0, NULL),
('FARC750622HOCSYH06', 'CUAHUTEMOC FAUSTINO REYES', '20EBD0011J', 'PROFESOR ASOCIADO DIRECTOR', 0, NULL),
('FEPG660122HOCNRD06', 'GAUDENCIO FENTANEZ PEREZ ', '20EBD0040E', 'PROFESOR ASOCIADO B 5C INV', 0, NULL),
('FIOC541005HOCLRR01', 'CARLOS FILIO ORTEGA                            ', '20EBD0011J', 'INTENDENTE DE PLANTEL 5NT', 0, NULL),
('FOES900227MOCLSN02', 'SANDY FLORES ESTEVA ', '20EBD0009V', 'PROFESOR ASOCIADO B PROM ', 0, 'DESARROLLO COMUNITARIO'),
('FOFJ830905HOCLLN04', 'JUAN CARLOS FLORES FLORES ', '20EBD0034U', 'PROFESOR ASOCIADO B PROM ', 0, 'DESARROLLO COMUNITARIO'),
('FOPH840316MOCLCR03', 'HERIBERTA FLORES PACHECO ', '20EBD0005Z', 'SECRETARIA(O)  DE PLANTEL 5NT', 0, NULL),
('FUZY810912MOCNRS03', 'YESENIA FUENTES ZARATE                         ', '20EBD0008W', 'PROFESOR ASOCIADO B 5C INV', 0, NULL),
('GAAA630125HDFRLR08', ' ARTURO GARCIA ALTAMIRANO  ', '20EBD0040E', 'PROFESOR ASOCIADO C TC ', 0, NULL),
('GAAA740806MOCRRN06', 'ANGELICA GARCIA ARIAS ', '20EBD0008W', 'PROFESOR ASOCIADO B 5C INV', 0, NULL),
('GAAJ811223HOCRNS09', 'JESUS GABRIEL GARCIA ANTONIO ', '20EBD0043B', 'PROFESOR ASOCIADO B INV ', 0, NULL),
('GAAM810101HOCRGN01', 'MANUEL DE JESUS GARCIA AGUSTIN ', '20EBD0034U', 'PROFESOR ASOCIADO B 5C PROM', 0, NULL),
('GABR860523HOCRTM05', 'RAMIRO GARCIA BAUTISTA', 'CSEIIOOFCRT', 'PROFESOR ASOCIADO OFCTRL', 0, NULL),
('GACB730314HOCRML05', 'BALDEMAR GARCIA CAMACHO', '20EBD0008W', 'PROFESOR ASOCIADO DIRECTOR', 0, NULL),
('GACB810217HOCRRN01', 'BONFILIO GARCIA CRUZ ', '20EBD0035T', 'PROFESOR ASOCIADO C TC', 0, NULL),
('GACR830410MOCRRC04', 'ROCIO GARCIA CARRERA', 'UESA1612', 'PROFESOR ASOCIADO UESA', 0, NULL),
('GAGJ880723HOCRLV08', 'JAVIER GARCIA GALLARDO  ', '20EBD0002B', 'PROFESOR ASOCIADO B INV ', 0, NULL),
('GAGS910711MOCRBR05', 'SOREIDA GARCIA GABRIEL ', '20EBD0037R', 'PROFESOR ASOCIADO B INV ', 0, 'DESARROLLO COMUNITARIO'),
('GAHE800904HOCRRD09', 'EDUARDO GARC?A HERN?NDEZ', '20EBD0014G', 'PROFESOR ASOCIADO DIRECTOR', 0, NULL),
('GAHF750102HOCRRL05', 'FELIPE GARCIA HERNANDEZ ', '20EBD0022P', 'PROFESOR ASOCIADO C TC', 0, NULL),
('GAJE760513HOCRML06', 'ELVIS GARCIA JIMENEZ                             ', '20EBD0012I', 'PROFESOR ASOCIADO B 5A INV', 0, NULL),
('GAJP771026HOCRMS05', 'PASCUAL GARCIA JIMENEZ                           ', '20EBD0032W', 'PROFESOR ASOCIADO B 5NT INV', 0, NULL),
('GAMJ780228HOCLRV03', 'JAVIER GALLARDO MART?NEZ', '20EBD0017D', 'PROFESOR ASOCIADO DIRECTOR', 0, NULL),
('GAMR770711HOCRRF05', 'RAFAEL GARCIA MARTINEZ ', '20EBD0034U', 'PROFESOR ASOCIADO B 5C INV', 0, NULL),
('GAMS850721HOCRRR03', 'SERGIO GARCIA MARCOS                             ', '20EBD0025M', 'PROFESOR ASOCIADO B 5C INV', 0, NULL),
('GAOE801013HOCRLD05', 'EDUARDO GARCIA OLIVERA ', '20EBD0005Z', 'PROFESOR ASOCIADO B 5C INV', 0, NULL),
('GAOG800914HPLRSV09', 'GEOVANNI GARCIA OSORIO', '20EBD0034U', 'PROFESOR ASOCIADO B 3A INV', 0, NULL),
('GAOM830430HOCLSC07', 'MICHEL GALLEGOS OSORIO                           ', '20EBD0021Q', 'PROFESOR ASOCIADO B 5B INV', 0, NULL),
('GASA860207MOCRNN09', 'ANNABEL GARCIA SANTIAGO ', '20EBD0007X', 'PROFESOR ASOCIADO B 5C INV', 0, 'DESARROLLO COMUNITARIO'),
('GAVA861026MOCRNR05', 'ARIADNA GARCIA VENTURA', '20EBD0005Z', 'PROFESOR ASOCIADO DIRECTORA', 0, NULL),
('GAVC840515HOCLSR08', 'CRISOFORO GALLARDO VASQUEZ', 'UESA1612', 'PROFESOR ASOCIADO UESA', 0, NULL),
('GAVG910328MOCBSD03', 'MARIA GUADALUPE GABRIEL VASQUEZ ', '20EBD0038Q', 'SECRETARIA(O)  DE PLANTEL', 0, NULL),
('GEPA831224MOCRRD03', 'ADELA MANUELA GERARDO PRISCILIANO ', '20EBD0030Y', 'PROFESOR ASOCIADO B 5C1 INV', 0, NULL),
('GOBG771003HOCNRR09', 'GERARDO GONZALEZ BURGOS ', '20EBD0003A', 'PROFESOR ASOCIADO B 3B PROM', 0, 'DESARROLLO COMUNITARIO'),
('GOCD900716MDFMRR00', ' DARINKA VIRGINIA GOMEZ CRISTOBAL ', '20EBD0030Y', 'PROFESOR ASOCIADO B INV ', 0, NULL),
('GOCJ770317HOCMLN09', 'JUAN CARLOS GOMEZ COLIN', '20EBD0029I', 'PROFESOR ASOCIADO B 5C1 INV', 0, NULL),
('GODJ750617HOCNSN09', 'JUAN CARLOS GONZALEZ DESIRENA ', '20EBD0029I', 'PROFESOR ASOCIADO B 5C INV', 0, NULL),
('GODO870702MOCNLL01', 'OLMEDA GONZAGA DOLORES ', '20EBD0043B', 'SECRETARIA(O)  DE PLANTEL', 0, NULL),
('GODV761013MOCNLR08', 'VERONICA GONZAGA DOLORES ', '20EBD0004Z', 'PROFESOR ASOCIADO B 5C INV', 0, NULL),
('GODV810723MOCNLL05', 'VIOLETA GONZAGA DOLORES                          ', '20EBD0023O', 'PROFESOR ASOCIADO B 5C INV', 0, NULL),
('GOEY910316MOCMSD04', 'YADIRA GOMEZ ESTEBAN ', '20EBD0028J', 'PROFESOR ASOCIADO B INV ', 0, NULL),
('GOGA821013HOCMNL06', 'JOSE ALBERTO GOMEZ GONZALEZ ', '20EBD0006Y', 'PROFESOR ASOCIADO B 5C INV', 0, NULL),
('GOHA800420MOCMRM08', 'AMELIA GOMEZ HERNANDEZ ', '20EBD0002B', 'PROFESOR ASOCIADO B 3B PROM', 0, 'DESARROLLO COMUNITARIO'),
('GOLN861008HOCNPT00', 'NATAN EDUARDO GONZALEZ LOPEZ ', '20EBD0020R', 'PROFESOR ASOCIADO B 5C INV', 0, NULL),
('GOLR790808MMCNPS08', 'ROSA LILIA GONZALEZ LOPEZ                         ', '20EBD0019B', 'PROFESOR ASOCIADO B 5C PROM', 0, 'DESARROLLO COMUNITARIO'),
('GOMI780409HOCMRS06', 'ISRAEL G?MEZ MAR?N', '20EBD0022P', 'PROFESOR ASOCIADO DIRECTOR', 0, NULL),
('GOOL840713MOCNRR00', 'LOURDES GONZALEZ ORTEGA ', '20EBD0028J', 'PROFESOR ASOCIADO B 5C INV', 0, NULL),
('GOPG871031HOCNDB04', 'GABRIEL GONZALEZ PEDRO ', '20EBD0020R', 'PROFESOR ASOCIADO B 5C INV', 0, NULL),
('GOVI840405HOCMRL04', 'ILDEFONSO YETZEYAL GOMEZ VARGAS ', '20EBD0002B', 'PROFESOR ASOCIADO B INV', 0, NULL),
('GOVM761230MOCMRR06', 'MARIA GOMEZ VARGAS                              ', '20EBD0016E', 'PROFESOR ASOCIADO B 5NT PROM', 0, 'DESARROLLO COMUNITARIO'),
('GOZK870924MOCNMR03', 'KARLA LETICIA GONZALEZ ZAMORA ', '20EBD0034U', 'PROFESOR ASOCIADO B 3B INV', 0, NULL),
('GUAH790215HOCTLG03', 'HUGO GUTIERREZ ALCALA                     ', '20EBD0016E', 'PROFESOR ASOCIADO B 5C INV', 0, NULL),
('GUCJ830427MOCZRD06', 'JUDITH GUZMAN CRUZ ', '20EBD0012I', 'SECRETARIA(O)  DE PLANTEL 5NT', 0, NULL),
('GUHE881109MOCTRL05', 'ELIZABETH GUTIERREZ HERNANDEZ ', '20EBD0033V', 'PROFESOR ASOCIADO B 3B INV', 0, NULL),
('GUHF900507MOCTRR05', 'FRANCELI GUTIERREZ HERNANDEZ ', '20EBD0031X', 'PROFESOR ASOCIADO B 3A INV', 0, NULL),
('GUHH911122HOCTRN04', 'HONORATO GUTIERREZ HERNANDEZ ', '20EBD0035T', 'PROFESOR ASOCIADO B INV ', 0, NULL),
('GULC880707HOCTPH05', 'CUAUHTEMOC GUTIERREZ  LOPEZ  ', '20EBD0009V', 'INTENDENTE DE PLANTEL ', 0, NULL),
('GULV821020MOCZZR08', 'VERENICE GUZMAN LEZAMA ', '20EBD0031X', 'PROFESOR ASOCIADO B 3B INV', 0, NULL),
('GURI780401HOCTJR09', 'IRWING GUTIERREZ ROJAS                        ', '20EBD0027K', 'PROFESOR ASOCIADO B 5C INV', 0, NULL),
('GUVL880512HOCZLS05', 'LUIS FERNANDO GUZM?N VILLALOBOS', '20EBD0018C', 'PROFESOR ASOCIADO DIRECTOR', 0, NULL),
('HEBC900815HOCRRR02', 'CARLOS ANIBAL HERRERA BARRAGAN ', '20EBD0031X', 'SECRETARIA(O)  DE PLANTEL', 0, NULL),
('HECA881109HOCRRN00', 'ANGEL HERNANDEZ CRUZ', 'CSEIIOOFCRT', 'PROFESOR ASOCIADO OFCTRL', 0, NULL),
('HECC820726MVZRSR09', 'CRISTIAN HERNANDEZ CASTELLANOS                    ', '20EBD0026L', 'PROFESOR ASOCIADO B 5C INV', 0, NULL),
('HECM740922HTLRMG17', 'MIGUEL ANGEL HERNANDEZ CAMACHO', '20EBD0006Y', 'PROFESOR ASOCIADO DIRECTOR', 0, NULL),
('HEEM870413MOCRLR07', 'MIRIAM HERNANDEZ ELEUTERIO ', '20EBD0026L', 'PROFESOR ASOCIADO B 5C INV', 0, NULL),
('HEGE871227HOCRRD06', 'EDUARDO HERNANDEZ GARCIA ', '20EBD0049W', 'PROFESOR ASOCIADO B INV', 0, NULL),
('HEGJ821224HOCRLS03', 'JESUS MANUEL HERNANDEZ GALLEGOS', '20EBD0036S', 'PROFESOR ASOCIADO B INV ', 0, 'DESARROLLO COMUNITARIO'),
('HEHR710305HDFRRC00', 'RICARDO HERNANDEZ HERNANDEZ ', '20EBD0018C', 'PROFESOR ASOCIADO B 5C1 INV', 0, NULL),
('HEJG730103MOCRMN15', 'GENOVEVA VIRGEN HERNANDEZ JIMENEZ ', '20EBD0001C', 'PROFESOR ASOCIADO B 5B INV', 0, NULL),
('HEJM830816HOCRMC02', 'MACARIO HERN?NDEZ JIM?NEZ', '20EBD0009V', 'PROFESOR ASOCIADO DIRECTOR', 0, NULL),
('HELJ901224HOCRPS05', 'JESUS ANTONIO HERNANDEZ LOPEZ', '20EBD0009V', 'PROFESOR ASOCIADO B INV ', 0, NULL),
('HELK830202MOCRNN05', 'KENDY HERNANDEZ LUNA', '20EBD0001C', 'PROFESOR ASOCIADO B 5C1 INV', 0, NULL),
('HELL860215HOCRPN02', 'LEONEL HERNANDEZ LOPEZ', '20EBD0001C', 'PROFESOR ASOCIADO B 5B INV', 0, 'DESARROLLO COMUNITARIO'),
('HEMJ871117HOCRRR01', 'JORGE CARLOS HERNANDEZ MARTINEZ ', '20EBD0015F', 'PROFESOR ASOCIADO B 3A INV', 0, NULL),
('HEML801126HOCRNS08', 'JOSE LUIS HERNANDEZ MENDEZ ', '20EBD0024N', 'PROFESOR ASOCIADO B 5C INV', 0, NULL),
('HERJ631007HOCRZL05', 'JULIAN EDUARDO HERNANDEZ RUIZ ', 'CSEIIOOFCRT', 'PROFESOR ASOCIADO OFCTRL', 0, NULL),
('HERL840621HOCRMS06', 'LUIS ALBERTO HERNANDEZ RAMON ', '20EBD0023O', 'PROFESOR ASOCIADO B 5C INV', 0, 'DESARROLLO COMUNITARIO'),
('HESC870311HOCRNN03', 'CONSTANTINO HERNANDEZ SANTOS ', '20EBD0013H', 'PROFESOR ASOCIADO B INV', 0, NULL),
('HEVH920228HOCRSL01', ' HILARIO HERNANDEZ VASQUEZ ', '20EBD0012I', 'PROFESOR ASOCIADO B INV ', 0, NULL),
('HEVL740211MOCRSR05', 'MARIA DE LOURDES HERNANDEZ VASQUEZ', 'CSEIIOOFCRT', 'PROFESOR ASOCIADO OFCTRL', 0, NULL),
('HIAD830615HOCDBV03', 'DAVID HIDALGO ABASOLO ', '20EBD0049W', 'PROFESOR ASOCIADO B INV ', 0, NULL),
('IAXM760729MOCNXR00', 'MARTHA INCLAN                                  ', '20EBD0018C', 'PROFESOR ASOCIADO B 5C INV', 0, NULL),
('JABA620817HOCRLD05', 'ADAN JARQUIN BLANCO                         ', '20EBD0040E', 'PROFESOR ASOCIADO B 5C INV', 0, NULL),
('JAMB861011MOCRRR01', 'BRENDA JARQUIN MARTINEZ ', '20EBD0029I', 'PROFESOR ASOCIADO B 5C PROM', 0, 'DESARROLLO COMUNITARIO'),
('JEFA560801HOCSLB00', 'ABEL DE JESUS FULGENCIO ', '20EBD0002B', 'VELADOR DE PLANTEL 5NT ', 0, NULL),
('JIAB940415MOCMNC09', 'BACILISA JIMENEZ ANTONIO ', '20EBD0009V', 'SECRETARIA(O)  DE PLANTEL', 0, NULL),
('JIFA790801HOCMBN12', 'ANGEL AMBROCIO JIMENEZ FABIAN ', '20EBD0043B', 'PROFESOR ASOCIADO B 5C PROM', 0, 'DESARROLLO COMUNITARIO'),
('JIFC710225HOCMGS00', 'CESAREO JIMENEZ FIGUEROA                    ', '20EBD0023O', 'PROFESOR ASOCIADO B 5C INV', 0, NULL),
('JIGM850425MDFMRR07', 'MARIBEL JIMENEZ GARCIA ', '20EBD0036S', 'PROFESOR ASOCIADO B INV', 0, NULL),
('JIJE920812HOCMMD00', '  EDWIN JIMENEZ JIMENEZ ', '20EBD0033V', 'PROFESOR ASOCIADO B INV ', 0, NULL),
('JIMD951222HOCMRV01', 'DAVID JIMENEZ MARTINEZ ', '20EBD0040E', 'PROFESOR ASOCIADO C TC ', 0, NULL),
('JIMG820411MOCMRL01', 'GLORIA ISABEL JIMENEZ MARISCAL ', '20EBD0035T', 'PROFESOR ASOCIADO B 5B INV', 0, NULL),
('JIML890622HOCMRR03', ' LORENZO JIMENEZ MARTINEZ ', '20EBD0029I', 'PROFESOR ASOCIADO C TC  ', 0, NULL),
('JIRE820721HOCMDL02', 'ELEAZAR DOMINGO JIMENEZ RODRIGUEZ ', '20EBD0004Z', 'PROFESOR ASOCIADO B 5C INV', 0, NULL),
('JIZR771009HOCMBY02', 'REYNALDO JIMENEZ ZABALETA ', '20EBD0018C', 'PROFESOR ASOCIADO B 5C PROM', 0, 'DESARROLLO COMUNITARIO'),
('JOVA761024HOCSLD06', 'AUDACTO JOSE VALENCIA ', '20EBD0028J', 'PROFESOR ASOCIADO B 5C INV', 0, NULL),
('JUCE761026HOCRRM06', 'EMMANUELLE JUAREZ/CORTES ', '20EBD0002B', 'PROFESOR ASOCIADO B 5C INV', 0, NULL),
('JUCF880128HOCLBR09', 'FRANCO ANTONIO JULIAN CABALLERO ', '20EBD0025M', 'PROFESOR ASOCIADO B INV', 0, NULL),
('JUHN810712HOCRRB06', 'NABOR JUAREZ HERNANDEZ ', '20EBD0041D', 'PROFESOR ASOCIADO B INV ', 0, NULL),
('LEMM690212HOCZRL03', 'MELESIO LEZAMA MARTINEZ ', '20EBD0028J', 'INTENDENTE DE PLANTEL 5NT', 0, NULL),
('LETL850208MOCZJC03', 'LUCIA LEZAMA TEJADA ', '20EBD0028J', 'PROFESOR ASOCIADO C TC', 0, NULL),
('LOAG830625HOCPLL13', 'GUILLERMO LOPEZ ALAVEZ ', '20EBD0021Q', 'INTENDENTE DE PLANTEL', 0, NULL),
('LOBS871217MOCPTL00', 'SOLEDAD LOPEZ BAUTISTA ', '20EBD0018C', 'SECRETARIA(O)  DE PLANTEL 5NT', 0, NULL),
('LOCD761005MOCPRL09', 'DELFINA ROCIO LOPEZ CRUZ ', '20EBD0036S', 'PROFESOR ASOCIADO B 3B INV', 0, NULL),
('LOCS830527HOCPSM06', ' SAMUEL LOPEZ CASTRO ', '20EBD0036S', 'PROFESOR ASOCIADO B INV ', 0, NULL),
('LODB861207MMSRML02', 'BLANCA LORENZO DOMINGUEZ ', '20EBD0006Y', 'SECRETARIA(O)  DE PLANTEL 5NT', 0, NULL),
('LOFC720316MOCPNR07', ' MARIA CRISTINA LOPEZ FUENTES ', '20EBD0047Y', 'INTENDENTE DE PLANTEL ', 0, NULL),
('LOGD910509HOCPNM00', 'DAMIAN LOPEZ GUENDULAIN ', '20EBD0003A', 'PROFESOR ASOCIADO B INV ', 0, NULL),
('LOGG850507MOCPRS04', 'GISELA REINA LOPEZ GARCIA', '20EBD0045Z', 'PROFESOR ASOCIADO B INV ', 0, NULL),
('LOGJ710718HOCPRV05', 'JAVIER LOPEZ GARCIA ', '20EBD0007X', 'PROFESOR ASOCIADO B 5C INV', 0, NULL),
('LOHA820118HYNPRL00', 'ALBERTO KEN REY LOPEZ HERNANDEZ', '20EBD0014G', 'PROFESOR ASOCIADO B INV ', 0, NULL),
('LOHO780905HOCPRS02', 'OSCAR LOPEZ HERNANDEZ ', '20EBD0042C', 'PROFESOR ASOCIADO B 5C INV', 0, NULL),
('LOHV880901HOCPRD07', 'VIDAL LOPEZ HERNANDEZ ', '20EBD0004Z', 'VIGILANTE 5NT                               ', 0, NULL),
('LOHY871217MOCPRL02', 'YOLANDA LOPEZ HERNANDEZ', '20EBD0018C', 'VELADOR DE PLANTEL', 0, NULL),
('LOLA840824MOCPPD07', 'AIDEE WILMA LOPEZ LOPEZ ', '20EBD0036S', 'PROFESOR ASOCIADO B 5C INV', 0, NULL),
('LOLC800530HOCPPR03', 'CARLOS LOPEZ LOPEZ ', '20EBD0032W', 'PROFESOR ASOCIADO B 5NT INV', 0, NULL),
('LOLD840222HOCPPD06', 'DIDIER LOPEZ LOPEZ ', '20EBD0032W', 'PROFESOR ASOCIADO B 3B INV', 0, NULL),
('LOLE870905HOCPPD08', 'EDUARDO LOPEZ LOPEZ ', '20EBD0002B', 'PROFESOR ASOCIADO B 3B INV', 0, NULL),
('LOLP771210HOCPPD02', 'PEDRO L?PEZ L?PEZ', '20EBD0016E', 'PROFESOR ASOCIADO DIRECTOR', 0, NULL),
('LOME811223MOCPNL01', 'MARIA ELENA LOPEZ MENDOZA ', '20EBD0041D', 'PROFESOR ASOCIADO B INV', 0, NULL),
('LOMR821129HOCPRG00', 'RIGOBERTO LOPEZ MARTINEZ ', '20EBD0021Q', 'PROFESOR ASOCIADO B PROM ', 0, 'DESARROLLO COMUNITARIO'),
('LOMW850125MOCPRL09', ' WILMA LOPEZ MARTINEZ ', '20EBD0033V', 'PROFESOR ASOCIADO B INV ', 0, NULL),
('LONA861206HOCPXL09', 'ALAN TONATIUH LOPEZ NIÑO ', '20EBD0030Y', 'PROFESOR ASOCIADO B 5C INV', 0, NULL),
('LOOS830828HOCPSN03', 'SENEN LOPEZ OSORIO                     ', '20EBD0043B', 'PROFESOR ASOCIADO B 5C1 INV', 0, NULL),
('LOPB921123HOCPRR05', 'BERTIN LOPEZ PEREZ', '20EBD0046Z', 'PROFESOR ASOCIADO B INV ', 0, NULL),
('LOPE791017HOCPRD07', 'EDWIN LOPEZ PEREZ', '20EBD0037R', 'PROFESOR ASOCIADO B INV ', 0, NULL),
('LOPL850928MOCPZR07', 'LAURA LOPEZ PAZOS ', '20EBD0042C', 'SECRETARIA(O)  DE PLANTEL', 0, NULL),
('LOPR811114HOCPRG04', 'RIGEL LOPEZ PEREZ ', '20EBD0025M', 'PROFESOR ASOCIADO C TC', 0, NULL),
('LORC811122MOCPFC04', 'CECILIA REYNA LOPEZ RAFAEL ', '20EBD0032W', 'PROFESOR ASOCIADO B 5C INV', 0, NULL),
('LORM800822HOCPMR06', 'MARCOS LOPEZ RAMIREZ ', '20EBD0025M', 'PROFESOR ASOCIADO B 3B INV', 0, NULL),
('LOSA750623HOCPNR08', 'ARNULFO LOPEZ SANTIAGO ', 'CSEIIOOFCRT', 'CHOFER 5NT', 0, NULL),
('LOSA890312HOCPNB05', ' ABELINO LOPEZ SANTIAGO ', '20EBD0015F', 'PROFESOR ASOCIADO B INV ', 0, NULL),
('LOSE781105HOCPRL05', 'ELIGIO L?PEZ SARABIA ', '20EBD0045Z', 'PROFESOR ASOCIADO DIRECTOR', 0, NULL),
('LOSI810217MOCPNS01', 'ISAURA LOPEZ SANCHEZ ', '20EBD0044A', 'PROFESOR ASOCIADO B 5C INV', 0, 'DESARROLLO COMUNITARIO'),
('LOVF720407HHGPLD05', 'FEDOR OCTAVIO LOPEZ VILLA', 'CSEIIOOFCRT', 'PROFESOR ASOCIADO OFCTRL', 0, NULL),
('LOVJ760319HOCPLS06', 'JOSE LOPEZ VELASCO', 'CSEIIOOFCRT', 'PROFESOR ASOCIADO OFCTRL', 0, NULL),
('LOZA880718HOCPMR01', 'ARNULFO LOPEZ ZAMBRANO', '20EBD0024N', 'PROFESOR ASOCIADO B INV', 0, NULL),
('LUAI841209HOCCRS04', 'ISAEL LUCIANO ARCO ', '20EBD0036S', 'PROFESOR ASOCIADO B 3A INV', 0, 'DESARROLLO COMUNITARIO'),
('LUCR930907MOCNBG06', 'REGINA IRIS NATIVIDAD LUNA CABRERA ', '20EBD0025M', 'SECRETARIA(O)  DE PLANTEL', 0, NULL),
('LUFR690108HOCSSG09', 'RIGOBERTO LUIS FAUSTINO ', '20EBD0041D', 'PROFESOR ASOCIADO B INV', 0, NULL),
('LUHI800408HOCSRR01', 'IRINEO LUIS HERNANDEZ ', '20EBD0004Z', 'PROFESOR ASOCIADO B 5C INV', 0, NULL),
('LUSE780813HOCSLL09', 'ELIAZAR LUIS SALINAS ', '20EBD0038Q', 'PROFESOR ASOCIADO B 5C INV', 0, NULL),
('LUSR860324HOCSNB17', 'RUBEN RAUL LUIS SANCHEZ', 'UESA1612', 'PROFESOR ASOCIADO UESA', 0, NULL),
('LUTD770325MOCNRR09', 'DORA PATRICIA LUNA TORRES                         ', 'CSEIIOOFCRT', 'PROFESOR ASOCIADO OFCTRL', 0, NULL),
('LXCA860805HOCPRB01', 'ABRAHAM LOPEZ CRUZ                               ', '20EBD0009V', 'INTENDENTE DE PLANTEL 5NT', 0, NULL),
('MAAE790107MOCRNL07', 'ELIZABETH MARQUEZ ANDRES', '20EBD0042C', 'PROFESOR ASOCIADO B 5C PROM', 0, 'DESARROLLO COMUNITARIO'),
('MAAE880305HDFCLD00', 'JOSE EDUARDO MACEDO ALDAZ ', '20EBD0009V', 'PROFESOR ASOCIADO B INV ', 0, NULL),
('MABI910124MOCRZN06', 'INES MARTINEZ BAZAN ', '20EBD0029I', 'SECRETARIA(O)  DE PLANTEL 5NT', 0, NULL),
('MACE890320MOCRBG05', 'EUGENIA MARTINEZ CABALLERO ', '20EBD0016E', 'PROFESOR ASOCIADO B PROM ', 0, NULL),
('MACF800517HOCRVR02', 'FRANCISCO V. MART?NEZ COVARRUBIAS', '20EBD0042C', 'PROFESOR ASOCIADO DIRECTOR', 0, NULL),
('MACG780911MOCRRL04', 'GLORIA MARTINEZ CRUZ ', '20EBD0044A', 'PROFESOR ASOCIADO B 5C INV', 0, NULL),
('MACR820809HOCRBM02', 'ROMAN MARTINEZ CABALLERO                      ', '20EBD0015F', 'INTENDENTE DE PLANTEL 5NT', 0, NULL),
('MACR861218MOCRSB04', 'RUBICELIA SOLEDAD MARCIAL CASTILLO ', '20EBD0041D', 'PROFESOR ASOCIADO B 5B INV', 0, NULL),
('MADC791112MOCRZR09', 'CAROLINA MARTINEZ DIAZ                       ', '20EBD0016E', 'PROFESOR ASOCIADO B 5C PROM', 0, 'DESARROLLO COMUNITARIO'),
('MADS820922MOCRZN00', 'SANDRA IVETT MARTINEZ DIAZ', '20EBD0029I', 'PROFESOR ASOCIADO B INV ', 0, NULL),
('MAFG891218MOCRLL09', 'GLADIS MARTINEZ FLORES ', '20EBD0044A', 'PROFESOR ASOCIADO C TC', 0, NULL),
('MAFS751120HOCRRV10', 'SEVERINO MARTINEZ FERNANDEZ ', '20EBD0016E', 'INTENDENTE DE PLANTEL 5NT', 0, NULL),
('MAGM840110MOCRLR02', 'MARIBEL CANDELARIA MARTINEZ GALLARDO ', '20EBD0003A', 'PROFESOR ASOCIADO B 5C INV', 0, NULL),
('MAGN820709MOCRRR08', 'NEREIDA CRYSTABEL MARTINEZ GARCIA', '20EBD0029I', 'PROFESOR ASOCIADO B 5C1 INV', 0, NULL),
('MAGP880130HOCRND07', 'PEDRO OMAR MARTINEZ GONZALEZ ', '20EBD0029I', 'INTENDENTE DE PLANTEL', 0, NULL),
('MAJE671128MMCRMS03', 'ESTELA MARTINEZ JIMENEZ                          ', '20EBD0046Z', 'PROFESOR ASOCIADO B 5C INV', 0, NULL),
('MAJM850315HOCRMG06', 'MIGUEL ANGEL MARTINEZ JIMENEZ ', '20EBD0019B', 'PROFESOR ASOCIADO B INV', 0, NULL),
('MALJ860506HOCTNN00', ' JUAN LUIS MATEOS LEON ', '20EBD0026L', 'PROFESOR ASOCIADO C TC ', 0, NULL),
('MALJ880906HOCLPS05', 'JESUS MALDONADO LOPEZ ', '20EBD0021Q', 'PROFESOR ASOCIADO C TC', 0, NULL),
('MALN860412HOCTPC08', 'NICOLAS MATUS LOPEZ ', '20EBD0043B', 'PROFESOR ASOCIADO B 5C INV', 0, NULL),
('MALR830311MOCCZS19', 'ROSARIO MACHUCA LAZO ', '20EBD0022P', 'PROFESOR ASOCIADO B 5C INV', 0, NULL),
('MAMD741222HOCRNM04', 'DEMETRIO MARTINEZ MENDOZA                        ', '20EBD0029I', 'PROFESOR ASOCIADO B 5C1 INV', 0, NULL),
('MAMD800328HOCRRL02', 'DELFINO MARIN MARTINEZ ', '20EBD0031X', 'PROFESOR ASOCIADO B 3B INV', 0, NULL),
('MAMI770501HOCTNS07', 'ISMAEL MATUS MANZO ', '20EBD0038Q', 'PROFESOR ASOCIADO B 5C INV', 0, NULL),
('MAMJ790701HOCRRR07', 'JORGE MARTINEZ MARTINEZ ', '20EBD0001C', 'INTENDENTE DE PLANTEL 5NT', 0, NULL),
('MAMM890306MOCRNR07', 'MARTHA ELENA MARQUEZ MENDOZA                       ', '20EBD0008W', 'SECRETARIA(O)  DE PLANTEL 5NT', 0, NULL),
('MAMU820919HOCRNR00', 'URIEL ELIH? MART?NEZ M?NDEZ', '20EBD0036S', 'PROFESOR ASOCIADO DIRECTOR', 0, NULL),
('MAMW880803HOCRRL08', 'WILSON MARTINEZ MARTINEZ ', '20EBD0039P', 'PROFESOR ASOCIADO B 3B INV', 0, NULL),
('MAMY811104MOCRRC02', 'YUCITA MART?NEZ MART?NEZ', '20EBD0044A', 'PROFESOR ASOCIADO DIRECTOR', 0, NULL),
('MANI880222MOCRCS02', ' ISABEL MARTINEZ NICOLAS ', '20EBD0018C', 'PROFESOR ASOCIADO B INV ', 0, NULL),
('MANP851005HOCRXL00', 'PLACIDO MARTINEZ NU?EZ ', '20EBD0039P', 'PROFESOR ASOCIADO B 5C INV', 0, NULL),
('MAOL891115MOCRJS06', 'LISBETH MARTINEZ OJEDA ', '20EBD0021Q', 'PROFESOR ASOCIADO B 3B INV', 0, NULL),
('MAPD561211HOCRRN08', 'DANIEL MARTINEZ PERALTA                          ', '20EBD0044A', 'PROFESOR ASOCIADO B 5NT INV', 0, NULL),
('MAPL881025MOCYRR06', 'LOURDES MAYORAL PEREZ ', '20EBD0037R', 'PROFESOR ASOCIADO B INV', 0, NULL),
('MARA910917MOCXGN09', ' ANA KAREN MAXIMIANO REGINO ', '20EBD0042C', 'PROFESOR ASOCIADO B INV ', 0, NULL),
('MARL821014HOCTMS07', 'LUIS ALBERTO MATIAS RAMIREZ', '20EBD0023O', 'PROFESOR ASOCIADO B INV ', 0, NULL),
('MASJ850510HOCRNN09', 'JUAN ANTONIO MARTINEZ SANCHEZ ', '20EBD0023O', 'PROFESOR ASOCIADO B 5C INV', 0, NULL),
('MASJ880711HOCRNN09', 'JOSE JUAN MARQUEZ SANCHEZ ', '20EBD0037R', 'PROFESOR ASOCIADO B 3B INV', 0, NULL),
('MASR901011MOCRBS09', 'ROSARIO MARIBEL MARTINEZ SEBASTIAN ', '20EBD0002B', 'SECRETARIA(O)  DE PLANTEL 5NT', 0, NULL),
('MASY960903MOCRNL07', 'YOLANDA MARTINEZ SANTIAGO ', '20EBD0036S', 'PROFESOR ASOCIADO C TC', 0, NULL),
('MAVA780901MOCRCN02', 'ANA MARTA VICENTE ', '20EBD0006Y', 'PROFESOR ASOCIADO B 5C INV', 0, 'DESARROLLO COMUNITARIO'),
('MAVH870606MOCRNR05', 'HORTENCIA MARCIAL VENEGAS ', '20EBD0001C', 'PROFESOR ASOCIADO B INV ', 0, NULL),
('MAVO810102HOCRRS01', 'OSCAR MARTINEZ VARGAS                             ', '20EBD0040E', 'PROFESOR ASOCIADO B 5C PROM', 0, 'DESARROLLO COMUNITARIO'),
('MAZC720128MOCRRR02', 'CRISTINA BELEM MARTINEZ ZARATE                    ', '20EBD0029I', 'PROFESOR ASOCIADO B 5C INV', 0, NULL),
('MEAO900929MOCRGS01', 'OSIRI MERINO AGUILAR ', '20EBD0024N', 'SECRETARIA(O)  DE PLANTEL ', 0, NULL),
('MEBP710405MOCNTT02', 'PATRICIA MENDOZA BAUTISTA ', '20EBD0001C', 'SECRETARIA(O)  DE PLANTEL 5NT', 0, NULL),
('MECJ811225HOCJSS04', 'JESUS EMMANUEL MEJIA CASIQUE                      ', '20EBD0003A', 'PROFESOR ASOCIADO B 5C INV', 0, NULL),
('MECJ840316HOCNSN05', 'JUAN PEDRO MENDOZA CASTRO ', '20EBD0016E', 'PROFESOR ASOCIADO B 5C INV', 0, NULL),
('MECJ850826HOCNSC00', 'JACINTO HELADIO,MENDOZA CASTRO ', '20EBD0018C', 'PROFESOR ASOCIADO B INV ', 0, NULL),
('MEGF870116HOCLRR03', 'FRANCISCO MELO GARCIA ', '20EBD0008W', 'PROFESOR ASOCIADO B 5C INV', 0, NULL),
('MEGM780706MOCNJL00', 'MELINA MENDEZ GIJON ', '20EBD0016E', 'PROFESOR ASOCIADO B 5C1 INV', 0, NULL),
('MEHC751024HOCNRR17', 'CRISTINO MENDOZA HERNANDEZ', 'CSEIIOOFCRT', 'PROFESOR ASOCIADO OFCTRL', 0, NULL),
('MEHE860102HOCNRL02', 'ELMER MENDOZA HERNANDEZ', '20EBD0005Z', 'PROFESOR ASOCIADO B INV ', 0, NULL),
('MEJC781228HOCJLS05', 'CESAREO MEJIA JULIAN                           ', '20EBD0015F', 'PROFESOR ASOCIADO B 5C INV', 0, NULL),
('MEJG820427MOCDRD08', 'GUADALUPE TRINIDAD MEDINA JUAREZ                ', '20EBD0019B', 'PROFESOR ASOCIADO B 5C INV', 0, NULL),
('MEMJ780202HOCNRV01', 'JAVIER MENDOZA MARTINEZ                            ', '20EBD0028J', 'PROFESOR ASOCIADO B 5B INV', 0, NULL),
('MEOF930701MOCRRL02', ' FLORINA MERINO ORTIZ  ', '20EBD0036S', 'SECRETARIA(O)  DE PLANTEL ', 0, NULL),
('MEOM821126MOCNSR03', 'MAURITA MENDOZA OSORIO ', '20EBD0038Q', 'PROFESOR ASOCIADO B 5C INV', 0, NULL),
('MEOO781012MVZNRT06', 'OTILA LIZETTE MENDEZ ORDO?EZ                    ', '20EBD0047Y', 'PROFESOR ASOCIADO B 5C INV', 0, NULL),
('MEPM890407MOCRBR03', ' MARTHA MERINO PABLO ', '20EBD0017D', 'PROFESOR ASOCIADO B INV ', 0, NULL),
('MERD801229HOCRZV03', 'DAVID MERL?N RU?Z', '20EBD0035T', 'PROFESOR ASOCIADO DIRECTOR', 0, NULL),
('MERJ790824HOCRYS04', ' JOSE DE JESUS MERCADO REYES  ', '20EBD0021Q', 'PROFESOR ASOCIADO B INV ', 0, NULL),
('MIAI911027HOCGMS06', ' ISAIAS MIGUEL AMBROSIO  ', '20EBD0001C', 'PROFESOR ASOCIADO C TC ', 0, NULL),
('MIGC870603HOCGRR07', ' CARLOS MIGUEL GARCIA ', '20EBD0026L', 'PROFESOR ASOCIADO C TC ', 0, NULL),
('MOCT790111HOCRRZ09', 'TIZOC MORGAN DE LA CRUZ', '20EBD0043B', 'PROFESOR ASOCIADO DIRECTOR', 0, NULL),
('MOLD800907MOCNPN03 ', 'DONAJI SOLEDAD MONROY LOPEZ ', '20EBD0048X', 'PROFESOR ASOCIADO B INV', 0, NULL),
('MOME760604MOCRNM08', 'EMMA MORALES MANUEL                             ', '20EBD0014G', 'PROFESOR ASOCIADO B 5NT INV', 0, NULL),
('MOMI871217MOCNRR03', 'IRAIS MONTOYA MERINO ', '20EBD0021Q', 'SECRETARIA(O)  DE PLANTEL 5NT', 0, NULL),
('MOMS891014HOCRRB07', 'SABAS ROLANDO MORENO MARTINEZ ', '20EBD0013H', 'PROFESOR ASOCIADO B 3A INV', 0, NULL),
('MOOM831223HOCNLN06', 'JOSE MANUEL MONTES OLMEDO ', '20EBD0022P', 'SECRETARIA(O)  DE PLANTEL 5NT', 0, NULL),
('MOSE841025MOCRNL06', 'ELIZABET MORALES SANTIAGO ', '20EBD0036S', 'PROFESOR ASOCIADO B PROM', 0, 'DESARROLLO COMUNITARIO'),
('NASC831208MCSTLN16', 'CONCEPCION NATAREN SILIAS ', '20EBD0041D', 'PROFESOR ASOCIADO B 5C PROM', 0, 'DESARROLLO COMUNITARIO'),
('NICV590518HOCCRN00', 'VENANCIO NICOLAS CRUZ                            ', '20EBD0008W', 'INTENDENTE DE PLANTEL 5NT', 0, NULL),
('NOFJ751031HOCRGS08', 'JES?S NORIEGA FIGUEROA', '20EBD0038Q', 'PROFESOR ASOCIADO DIRECTOR', 0, NULL),
('NOTE770727HOCLLN01', 'ENEMIAS NOLAZCO TOLEDO ', '20EBD0014G', 'PROFESOR ASOCIADO B 5C INV', 0, 'DESARROLLO COMUNITARIO'),
('NUPM781012HCSCRR01', 'MARIO ALBERTO NUCAMENDI PEREZ                 ', '20EBD0027K', 'PROFESOR ASOCIADO B 5C INV', 0, NULL),
('OEGG810628HOCRRL05', 'GUILLERMO ORTELA GARCIA                        ', '20EBD0014G', 'PROFESOR ASOCIADO B 5C INV', 0, NULL),
('OEGO800207HOCJZS05', ' OSCAR OJEDA GUZMAN  ', 'CSEIIOOFCRT', 'PROFESOR ASOCIADO C TC ', 0, NULL),
('OETE920906HOCJLL02', ' ELIAS OJEDA TOLEDO ', '20EBD0049W', 'PROFESOR ASOCIADO C TC ', 0, NULL),
('OIBM751009HOCRRN08', 'MANUEL ORTIZ BARRIOS', 'UESA1612', 'PROFESOR ASOCIADO UESA', 0, NULL),
('OIJL900905MOCRRR06', 'LORENZA ORTIZ JUAREZ ', '20EBD0037R', 'PROFESOR ASOCIADO C TC', 0, NULL),
('OILA790410HOCRPL09', 'ALBERTO ORTIZ L?PEZ', '20EBD0041D', 'PROFESOR ASOCIADO DIRECTOR', 0, NULL),
('OILI840831MOCRPR06', 'IRAIDES ORTIZ LOPEZ ', '20EBD0008W', 'PROFESOR ASOCIADO B INV', 0, NULL),
('OIMM780928HOCLNR05', 'MARCELINO OLIVERA MENDEZ                      ', '20EBD0019B', 'PROFESOR ASOCIADO B 5C INV', 0, NULL),
('OIOE780425MOCLRV07', 'EVA OLIVERA ORTEGA ', '20EBD0016E', 'PROFESOR ASOCIADO B 5C INV', 0, NULL),
('OISD880408MOCRNN09', 'DONAJI VIOLETA ORTIZ SANTIAGO ', '20EBD0042C', 'PROFESOR ASOCIADO B INV ', 0, NULL),
('OIVF720518HOCRLR05', 'FRANCISCO JAVIER  ORTIZ VALDIVIESO                 ', '20EBD0012I', 'PROFESOR ASOCIADO B 5B INV', 0, NULL),
('OOLJ711201HOCCNL02', 'JULIO CESAR OCHOA LUNA                             ', '20EBD0004Z', 'PROFESOR ASOCIADO B 5C PROM', 0, 'DESARROLLO COMUNITARIO'),
('OOML830730MOCRNR01', 'LAURA BRISEIDA OROZCO MONTERO ', '20EBD0027K', 'PROFESOR ASOCIADO B 5C INV', 0, NULL),
('OORI851117MOCRYS04', 'ISABEL OROZCO RAYMUNDO ', '20EBD0005Z', 'PROFESOR ASOCIADO B 5C INV', 0, NULL),
('OOSE860920HOCSNM06', 'EMANUEL OSORIO SANCHEZ ', '20EBD0005Z', 'PROFESOR ASOCIADO B INV ', 0, NULL),
('OOSY791024MOCSNR09', 'YURITH OSORIO SANTIAGO ', '20EBD0032W', 'PROFESOR ASOCIADO B 5C PROM', 0, 'DESARROLLO COMUNITARIO'),
('OOVL841009HOCRLS07', 'LUIS OROZCO VALENCIA ', '20EBD0009V', 'PROFESOR ASOCIADO B 5B INV', 0, NULL),
('PACE840329MOCLVL03', 'ELIZABETH PALACIOS CAVERO', '20EBD0037R', 'PROFESOR ASOCIADO DIRECTOR', 0, NULL),
('PACF780305HOCLRR01', 'FERNANDO PALACIOS CARRERA ', '20EBD0019B', 'PROFESOR ASOCIADO B 5C INV', 0, NULL),
('PACS731209HOCLRL00', 'SAUL PALMA CRUZ                                ', '20EBD0018C', 'PROFESOR ASOCIADO B 5C PROM', 0, 'DESARROLLO COMUNITARIO'),
('PADG770903HOCCZR08', 'GREGORIO PACHECO DIAZ ', '20EBD0005Z', 'PROFESOR ASOCIADO B 5C INV', 0, NULL),
('PAGC790827HOCCNN06', 'CANDIDO PACHECO GONZALEZ ', '20EBD0004Z', 'PROFESOR ASOCIADO B 5C INV', 0, NULL),
('PAGJ830104MOCCRN09', 'JENNY PACHECO GARCIA ', '20EBD0044A', 'PROFESOR ASOCIADO B 5C INV', 0, NULL),
('PALE680402HOCSPF09', 'EFRAIN PASCUAL LOPEZ                            ', '20EBD0024N', 'PROFESOR ASOCIADO B 5NT INV', 0, NULL),
('PAOA831007HOCRRR07', 'ARMANDO PAREDES ORDAZ', '20EBD0032W', 'PROFESOR ASOCIADO C TC ', 0, NULL),
('PAPP821118HOCCCD03', 'PEDRO PACHECO PACHECO ', '20EBD0042C', 'PROFESOR ASOCIADO C TC', 0, NULL),
('PAVJ810723HOCXLN00', 'JUAN PAXTIAN VELASCO                             ', '20EBD0046Z', 'PROFESOR ASOCIADO B 5C1 INV', 1, NULL),
('PAZM871027HOCZFG07', 'MIGUEL PAZOS ZEFERINO ', '20EBD0030Y', 'PROFESOR ASOCIADO B 5C INV', 0, NULL),
('PECE861026MOCLNS09', 'ESTRELLA PELAEZ CUENCA ', '20EBD0031X', 'PROFESOR ASOCIADO C TC ', 0, NULL),
('PEDL840208MOCRMC06', ' LUCIA PERALTA DOMINGUEZ  ', '20EBD0012I', 'PROFESOR ASOCIADO B INV ', 0, NULL),
('PEEA870210HOCDSN02', 'ANEE PEDRO ESTUDILLO ', '20EBD0033V', 'PROFESOR ASOCIADO B 5C INV', 0, 'DESARROLLO COMUNITARIO'),
('PEFJ830809MOCRLZ04', 'JAZM?N P?REZ FULGENCIO', '20EBD0024N', 'PROFESOR ASOCIADO DIRECTOR', 0, NULL),
('PEFP700618MOCRLL08', 'PAULA PEREZ FELIPE ', '20EBD0024N', 'INTENDENTE DE PLANTEL 5NT', 0, NULL),
('PEGE900519MOCRRM05', 'EMMA PEREZ GARCIA ', '20EBD0007X', 'PROFESOR ASOCIADO B INV ', 0, NULL),
('PEGL870404HOCRRN06', ' LEONEL SANTOS PEREZ GARCIA ', '20EBD0022P', 'PROFESOR ASOCIADO B INV ', 0, NULL),
('PEHJ860903MOCRRN07', 'JEANNET PEREZ HERNANDEZ ', '20EBD0006Y', 'PROFESOR ASOCIADO B 5A INV', 0, NULL),
('PEHR790204HMCRRG07', 'RIGOBERTO PEREZ HERRERA                            ', '20EBD0048X', 'PROFESOR ASOCIADO B 5C INV', 0, NULL),
('PELA830630HOCRPL01', 'ALBERTO PEREZ LOPEZ ', '20EBD0004Z', 'PROFESOR ASOCIADO B 3B INV', 0, NULL),
('PELR790808HOCRPF01', 'RAFAEL PEREZ LOPEZ ', '20EBD0042C', 'PROFESOR ASOCIADO B 5C INV', 0, NULL),
('PEML781020MOCRRT08', 'LETICIA PEREZ MERINO ', '20EBD0024N', 'PROFESOR ASOCIADO B 5B INV', 0, NULL),
('PEMY780228HOCRYN09', 'YAN PEREZ MOYA ', '20EBD0003A', 'PROFESOR ASOCIADO B 5C INV', 0, NULL),
('PERT790610MOCRDR06', 'TRINIDAD PEREZ RODRIGUEZ', '20EBD0041D', 'PROFESOR ASOCIADO B INV ', 0, NULL),
('PETH760329HDFRRG02', 'HUGO PEREZ TURCIO ', '20EBD0011J', 'PROFESOR ASOCIADO B INV ', 0, NULL),
('PETR820101MOCRRC05', 'ROCIO PEREZ TORO', 'CSEIIOOFCRT', 'PROFESOR ASOCIADO OFCTRL', 0, NULL),
('PEVJ810503HOCRRS08', 'JOSU? SALVADOR P?REZ VARGAS', '20EBD0012I', 'PROFESOR ASOCIADO DIRECTOR', 0, NULL),
('PEZI870625MOCRRS02', 'ISRAELITA PEREZ ZARATE                        ', '20EBD0020R', 'PROFESOR ASOCIADO C TC', 0, NULL),
('PXDA871109MOCRNR00', 'ARACELY PEREZ DIONICIO  ', '20EBD0048X', 'PROFESOR ASOCIADO B INV', 0, NULL),
('QUGF870403HOCJRR08', ' FRANCISCO QUIJANO GRACIDA ', '20EBD0034U', 'PROFESOR ASOCIADO C TC  ', 0, NULL),
('QUHH700316HOCVRR06', 'HERIBERTO QUEVEDO HERNANDEZ                     ', '20EBD0019B', 'SECRETARIA(O)  DE PLANTEL 5NT', 0, NULL),
('QUMM750120HGTLRR02', 'J MARGARITO QUILLO MARTINEZ ', '20EBD0040E', 'PROFESOR ASOCIADO B 5B INV', 0, NULL),
('RACA850101HOCNLN06', 'JOSE ANGEL RANGEL CUELLAR ', '20EBD0036S', 'PROFESOR ASOCIADO B 3B INV', 0, NULL),
('RAGS830718HVZMMR07', 'SERGIO GARCIA GUMETA', 'UESA1612', 'PROFESOR ASOCIADO UESA', 0, NULL),
('RAHC820427MOCMRN05', 'CINTHIA RAMIREZ HERRERA                          ', '20EBD0028J', 'PROFESOR ASOCIADO B 5B INV', 0, NULL),
('RALM851220MMCMPG05', 'MARIA MAGDALENA RAMIREZ LOPEZ ', '20EBD0017D', 'PROFESOR ASOCIADO B 3B INV', 0, NULL),
('RAPV760109MVZMLC14', 'MARIA VICTORIA RAMIREZ PALMA                      ', '20EBD0014G', 'PROFESOR ASOCIADO B 5C INV', 0, NULL),
('RASC800705MOCMNN04', 'CANDELARIA RAMIREZ SANTIAGO                      ', '20EBD0026L', 'PROFESOR ASOCIADO B 5C INV', 0, NULL),
('RAXG710608HSLMXL09', 'GILDARDO RAM?REZ', '20EBD0040E', 'PROFESOR ASOCIADO DIRECTOR', 0, NULL),
('REBF771126MOCYTL00', 'FLORINDA REYES BAUTISTA                          ', '20EBD0016E', 'PROFESOR ASOCIADO B 5C INV', 0, NULL),
('REBJ790611HOCYLV09', 'JAVIER REYES BOLA?OS', '20EBD0023O', 'PROFESOR ASOCIADO DIRECTOR', 0, NULL),
('REHE880117HOCYRD07', 'EDUARDO REYES HERNANDEZ                       ', '20EBD0016E', 'SECRETARIA(O)  DE PLANTEL 5NT', 0, NULL),
('REHR760914HDFYRB08', 'ROBERTO REYES HERNANDEZ', '20EBD0001C', 'PROFESOR ASOCIADO DIRECTOR', 0, NULL),
('REJA900415HOCYML00', 'ALFREDO REYES JIMENEZ ', '20EBD0036S', 'PROFESOR ASOCIADO B 3B INV', 0, NULL),
('REME861118HOCYRL08', ' ELIHU AZAEL REYES MARTINEZ  ', '20EBD0017D', 'PROFESOR ASOCIADO B INV ', 0, NULL),
('RETH820223MOCYPM08', 'HUMBERTA MARIA REYES TAPIA ', '20EBD0009V', 'PROFESOR ASOCIADO B 5C INV', 0, NULL),
('RICV870903MOCVBN03', 'VANESSA RIVERA CABELLO ', '20EBD0007X', 'PROFESOR ASOCIADO B 3B INV', 0, NULL),
('RIPR791017HMCVXB03', 'RUBEN RIVERA PEÑA                                ', '20EBD0002B', 'PROFESOR ASOCIADO B 5B INV', 0, 'DESARROLLO COMUNITARIO'),
('RISU900914HOCSLD09', 'UDRIEL RIOS SOLEDAD ', '20EBD0040E', 'PROFESOR ASOCIADO C TC ', 0, NULL),
('RIXA810326MOCVXN06', 'ANGELA SOLEDAD RIVERA                             ', '20EBD0045Z', 'PROFESOR ASOCIADO B 5C1 INV', 0, NULL),
('ROCR780101HOCSBC09', 'RICARDO ROSADO CABRERA                           ', '20EBD0043B', 'PROFESOR ASOCIADO B 5C INV', 0, NULL),
('ROJA780821MOCDMR08', 'ARELI RODRIGUEZ JIMENEZ ', '20EBD0020R', 'PROFESOR ASOCIADO B PROM', 0, 'DESARROLLO COMUNITARIO'),
('ROJG960108HOCQRM00', ' GERONIMO ROQUE JIMENEZ  ', '20EBD0021Q', 'INTENDENTE DE PLANTEL ', 0, NULL),
('ROLJ860416HOCJPV04', 'JOSE JAVIER ROJAS LOPEZ ', '20EBD0024N', 'PROFESOR ASOCIADO B PROM ', 0, 'DESARROLLO COMUNITARIO'),
('ROLL850530MOCBPZ08', 'LIZBETH ROBLES LOPEZ                               ', '20EBD0035T', 'PROFESOR ASOCIADO B 5C INV', 0, NULL),
('ROMA630824MDFSRR04', 'ARACELI ROSAS MARTINEZ', '20EBD0033V', 'PROFESOR ASOCIADO B INV ', 0, NULL),
('RORG880701MOCMMB07', 'GABRIELA ROMERO ROMERO ', '20EBD0035T', 'PROFESOR ASOCIADO B 3A INV', 0, NULL),
('RUAA791225HOCZPD09', 'ADAEL RUIZ APARICIO ', '20EBD0005Z', 'PROFESOR ASOCIADO B 5C PROM', 0, 'DESARROLLO COMUNITARIO'),
('RUCJ921026HOCZHS06', 'JOSUE ALEJANDRO RUIZ CHIMAL', 'CSEIIOOFCRT', 'PROFESOR ASOCIADO OFCTRL', 0, NULL),
('RUCR870313HOCZRG01', 'ROGELIO RUIZ CARRIZOSA  ', '20EBD0022P', 'PROFESOR ASOCIADO B 5C INV', 0, NULL),
('RUGA510927HOCZRM07', 'AMADO RUIZ GARCIA                                  ', '20EBD0011J', 'PROFESOR ASOCIADO B 5C INV', 0, NULL),
('RUGF850718MOCZRB04', 'FABIOLA RUIZ GUERRA ', '20EBD0047Y', 'PROFESOR ASOCIADO B 5C INV', 0, NULL),
('RUMS950808HOCZRM00', ' SAMUEL RUIZ MERINO  ', '20EBD0036S', 'INTENDENTE DE PLANTEL ', 0, NULL),
('RURJ850411HOCZSM01', 'JAIME RUIZ RIOS ', '20EBD0030Y', 'PROFESOR ASOCIADO B 5C1 INV', 0, NULL),
('RURR871007MOCZYC04', 'ROCIO RUIZ REYES ', '20EBD0047Y', 'PROFESOR ASOCIADO B 5C INV', 0, NULL),
('RXBA860527HOCDLG04', 'AGUSTIN RODRIGUEZ BULFRANO ', '20EBD0043B', 'PROFESOR ASOCIADO B 3A INV', 0, NULL),
('SABM660414HOCLRN01', 'MANUEL NOE SALAZAR BARRAGAN', 'CSEIIOOFCRT', 'PROFESOR ASOCIADO OFCTRL', 0, NULL),
('SABN910529HOCNRS05', 'NESTOR SANCHEZ BARRAGAN ', '20EBD0030Y', 'SECRETARIA(O)  DE PLANTEL', 0, NULL),
('SACA870102MOCNBR08', 'ARELIS SANCHEZ CABALLERO                      ', '20EBD0015F', 'SECRETARIA(O)  DE PLANTEL 5NT', 0, NULL),
('SACA891130MOCNSN01', 'ANAHIS SANTIAGO CASTILLEJOS', '20EBD0004Z', 'PROFESOR ASOCIADO B INV ', 0, NULL),
('SACI851119MOCNRR01', 'IRAIS SANCHEZ CRUZ ', '20EBD0007X', 'PROFESOR ASOCIADO B 5C INV', 0, NULL),
('SACJ750310MOCNRS08', 'JOSEFINA SANTOS CARRAZCO ', '20EBD0037R', 'PROFESOR ASOCIADO B INV ', 0, NULL),
('SACP910911HOCNSL02', 'PAUL ROMARIO SANTIAGO CASTILLEJOS', '20EBD0019B', 'PROFESOR ASOCIADO DIRECTOR', 0, NULL),
('SACR781216MDFNRS05', 'MARIA DEL ROSARIO SANTOS CORTES ', '20EBD0035T', 'PROFESOR ASOCIADO B 5C1 INV', 0, 'DESARROLLO COMUNITARIO'),
('SADL820218MOCNZC05', 'LUCIA SANTIAGO DIAZ ', '20EBD0005Z', 'PROFESOR ASOCIADO C TC', 0, NULL),
('SAGA740802MOCNLN13', 'MARIA ANGELA SANCHEZ GALINDO ', '20EBD0018C', 'INTENDENTE DE PLANTEL', 0, NULL),
('SAGA761101HDFNML01', 'ALFREDO SANTOS SANCHEZ GOMEZ               ', '20EBD0046Z', 'PROFESOR ASOCIADO B 5C INV', 0, NULL),
('SAGB821110HDFNRL09', 'BALDEMAR RAMIRO SANTIAGO GARCIA                   ', '20EBD0018C', 'PROFESOR ASOCIADO B 5C1 INV', 0, NULL),
('SAGJ801017HOCNZS01', 'JUSTO SANCHEZ GUZMAN                          ', '20EBD0011J', 'PROFESOR ASOCIADO B 5C INV', 0, NULL),
('SAHI790214HOCNRS06', 'ISRAEL SANCHEZ HERNANDEZ                         ', '20EBD0027K', 'PROFESOR ASOCIADO B 5C PROM', 0, 'DESARROLLO COMUNITARIO'),
('SAHR720322HOCNRB08', 'ROBERTO SANCHEZ HERNANDEZ                         ', '20EBD0042C', 'PROFESOR ASOCIADO B 5C1 INV', 0, NULL),
('SAJE840101HOCNMD05', 'EDER  SANCHEZ JIMENEZ ', '20EBD0031X', 'PROFESOR ASOCIADO B INV ', 0, NULL),
('SAJM850301HOCNRG07', 'MIGUEL SALMORAN SANCHEZ JUAREZ', '20EBD0021Q', 'PROFESOR ASOCIADO B INV ', 0, NULL),
('SAJR741014HOCNRL03', 'ROLANDO SANCHEZ JUAREZ                         ', '20EBD0014G', 'INTENDENTE DE PLANTEL 5NT', 0, NULL),
('SALA870716MOCNRB05', 'ABELINA SANCHEZ LORENZO                       ', '20EBD0013H', 'SECRETARIA(O)  DE PLANTEL 5NT', 0, NULL),
('SALJ841118MOCNPQ05', 'JAQUELINE SANCHEZ LOPEZ ', '20EBD0034U', 'PROFESOR ASOCIADO B 5C INV', 0, NULL),
('SALM771015HOCNSG04', 'MIGUEL ?NGEL SANTIAGO LUIS', '20EBD0033V', 'PROFESOR ASOCIADO DIRECTOR', 0, NULL),
('SALY880820MOCNPS04', 'YESENIA SANTIAGO LOPEZ ', '20EBD0024N', 'PROFESOR ASOCIADO C TC', 0, NULL),
('SAMA741214MDFLNN03', 'ANA LAURA SALVADOR MANUEL', '20EBD0030Y', 'PROFESOR ASOCIADO DIRECTOR', 0, NULL),
('SAMA781128HOCLRL06', 'ALEJANDRO SALGADO MARTINEZ ', '20EBD0001C', 'PROFESOR ASOCIADO B 5C PROM', 0, 'DESARROLLO COMUNITARIO'),
('SAMC790202HOCLRN02', 'CANDIDO SALINAS MARTINEZ                          ', '20EBD0009V', 'PROFESOR ASOCIADO B 5C PROM', 0, 'DESARROLLO COMUNITARIO');
INSERT INTO `empleados` (`curp`, `nombre`, `bic`, `categoria`, `registrado`, `academia`) VALUES
('SAMJ720308HOCNRN03', 'JUAN JOSE SANTIAGO MARTINEZ                      ', '20EBD0023O', 'PROFESOR ASOCIADO B 5NT PROM', 0, 'DESARROLLO COMUNITARIO'),
('SAMR830125MOCNRS02', 'MARIA DEL ROSARIO SANTOS MARTINEZ', 'CSEIIOOFCRT', 'PROFESOR ASOCIADO OFCTRL', 0, NULL),
('SANR660319HOCNXC04', 'JOSE RICARDO SANCHEZ NU?EZ ', '20EBD0006Y', 'PROFESOR ASOCIADO B 5NT INV', 0, NULL),
('SARC900327HOCNMR08', 'CORNELIO SANCHEZ REMIGIO ', '20EBD0014G', 'SECRETARIA(O)  DE PLANTEL', 0, NULL),
('SARM590513HOCRDR02', 'MART?N SARAVIA RODR?GUEZ', '20EBD0025M', 'PROFESOR ASOCIADO DIRECTOR', 0, NULL),
('SASE871219HOCNNP08', ' EPIFANIO SANTIAGO SANTOS ', '20EBD0048X', 'PROFESOR ASOCIADO C TC ', 0, NULL),
('SATJ760125HOCNRV05', 'JUVENTINO ENRIQUE  SANTIAGO TRUJILLO               ', '20EBD0011J', 'PROFESOR ASOCIADO B 5C INV', 0, NULL),
('SECA780901HOCBRR04', 'ARTURO SEBASTIAN CORONEL                         ', '20EBD0022P', 'PROFESOR ASOCIADO B 5C INV', 0, 'DESARROLLO COMUNITARIO'),
('SEPP830213HMCGRR06', 'PRUDENCIO OTHON SEGUISMUNDO PEREZ                ', '20EBD0007X', 'INTENDENTE DE PLANTEL 5NT', 0, NULL),
('SEPV790530HOCRRC03', 'VICTOR MANUEL SERNA PORRAS                     ', '20EBD0047Y', 'PROFESOR ASOCIADO B 5C INV', 0, NULL),
('SOAR870912HOCSQM01', 'RAMIRO SOSA AQUINO ', '20EBD0013H', 'PROFESOR ASOCIADO B INV ', 0, NULL),
('SOJL740118HOCLRV05', 'LEOVARDO VIDAL SOLANO JARQUIN ', '20EBD0029I', 'CHOFER 5NT', 0, NULL),
('SOMM790605MOCLRT05', 'MATEA SOLIS MORALES                               ', '20EBD0026L', 'PROFESOR ASOCIADO B 5C PROM', 0, 'DESARROLLO COMUNITARIO'),
('SOZC790418HOCSBS07', 'CASTO SOSA ZABALETA                               ', '20EBD0026L', 'PROFESOR ASOCIADO B 5C INV', 0, NULL),
('SULS891231MOCRPN02', 'SANDRA LUZ SUAREZ LOPEZ', '20EBD0004Z', 'PROFESOR ASOCIADO B INV ', 0, ''),
('SURB730331HOCCML05', 'BALBINO SCHUTLZ RAMIREZ                          ', '20EBD0015F', 'PROFESOR ASOCIADO B 5C INV', 0, 'DESARROLLO COMUNITARIO'),
('TOGL751224MOCRMD01', 'LUDIBINA TORRES GOMEZ ', '20EBD0029I', 'PROFESOR ASOCIADO B 5C INV', 0, NULL),
('TOHN781203MOCRRR06', 'NORMA TORREZ HERNANDEZ ', '20EBD0001C', 'PROFESOR ASOCIADO B 5C1 INV', 0, NULL),
('TOHR770521HOCRRD14', 'RODRIGO TORREZ HERNANDEZ ', '20EBD0044A', 'PROFESOR ASOCIADO B 5C INV', 0, NULL),
('TOMJ760909HOCLNL09', 'JOEL TOLEDO MONTERO', '20EBD0032W', 'PROFESOR ASOCIADO DIRECTOR', 0, NULL),
('TOOI800805HOCRSS12', 'ISAURO OTH?N TORRES OSORIO', '20EBD0026L', 'PROFESOR ASOCIADO DIRECTOR', 0, NULL),
('TORE851106MOCLML04', ' ELIZABETH TOLEDO RAMIREZ ', '20EBD0013H', 'PROFESOR ASOCIADO B INV ', 0, NULL),
('TORJ810823HOCRMN02', 'JUAN ANGEL TORRES RAMIREZ ', '20EBD0025M', 'PROFESOR ASOCIADO B 3B INV', 0, NULL),
('TOSS811021HOCLNM04', 'SAMUEL TOLEDO SANCHEZ ', '20EBD0032W', 'PROFESOR ASOCIADO B 5C INV', 0, NULL),
('TULJ810615HOCRPN00', 'JUAN CARLOS TRUJILLO LOPEZ ', '20EBD0038Q', 'PROFESOR ASOCIADO B INV ', 0, NULL),
('VAAA800107MGRRGD09', 'AIDE VARGAS AGUSTIANO                        ', '20EBD0024N', 'PROFESOR ASOCIADO B 5C INV', 0, NULL),
('VAAE820903MOCLCR00', ' ERENDIDA VALDEZ ACEVEDO ', '20EBD0003A', 'PROFESOR ASOCIADO B INV ', 0, NULL),
('VAFA800519MOCSRD07', 'AIDA VASQUEZ FRANCISCO                        ', '20EBD0016E', 'PROFESOR ASOCIADO B 5C INV', 0, NULL),
('VAGA720506HOCRBB05', 'ABEL VARGAS GABINO ', '20EBD0002B', 'PROFESOR ASOCIADO C TC ', 0, NULL),
('VAHG871016HOCSRR09', 'GERARDO VASQUEZ HERNANDEZ ', '20EBD0009V', 'PROFESOR ASOCIADO B 3B INV', 0, NULL),
('VAJG850528MOCZMB02', 'GABRIELA VAZQUEZ JIMENEZ ', '20EBD0024N', 'PROFESOR ASOCIADO B 3B INV', 0, NULL),
('VALE891205HOCLPL05', 'ELIAS VALDIVIESO LOPEZ ', '20EBD0003A', 'PROFESOR ASOCIADO B PROM ', 0, NULL),
('VALM751004MOCSPR01', 'MARIA VASQUEZ LOPEZ ', '20EBD0007X', 'PROFESOR ASOCIADO B 5C INV', 0, NULL),
('VALT861115HOCSPM02', 'TOMAS EUGENIO VASQUEZ LOPEZ ', '20EBD0017D', 'PROFESOR ASOCIADO B 3A INV', 0, NULL),
('VAME841125HOCZRR01', 'ERMILO ERMI?O VAZQUEZ MARTINEZ ', '20EBD0017D', 'INTENDENTE DE PLANTEL', 0, NULL),
('VAMF640604HOCRLR08', 'FRANCISCO VARGAS MALDONADO ', '20EBD0006Y', 'PROFESOR ASOCIADO B 5B INV', 0, NULL),
('VAMW781012HOCSRL02', 'WILFRIDO VASQUEZ MARTINEZ ', '20EBD0025M', 'PROFESOR ASOCIADO B 5C PROM', 0, 'DESARROLLO COMUNITARIO'),
('VAPL821213MOCLLL09', 'LILIANA MARITZA VALERIANO PAULINO ', '20EBD0006Y', 'PROFESOR ASOCIADO B 5C INV', 0, NULL),
('VARB850327HOCZMR03', 'BERNARDO V?ZQUEZ RAM?REZ', '20EBD0031X', 'PROFESOR ASOCIADO DIRECTOR', 0, NULL),
('VASG760813HOCRNR18', 'GERMIO VARGAS SANTIAGO ', '20EBD0013H', 'PROFESOR ASOCIADO B 5C PROM', 0, 'DESARROLLO COMUNITARIO'),
('VASV850218MOCLNL06', 'VIOLETA VALENCIA DE LOS SANTOS', '20EBD0021Q', 'PROFESOR ASOCIADO DIRECTOR', 0, NULL),
('VEAL760601MOCLNZ02', 'LIZBETH VELAZQUEZ ANTONIO                  ', '20EBD0027K', 'PROFESOR ASOCIADO B 5C INV', 0, NULL),
('VECE870522MDFNRL01', ' ELSA VENTURA CRISTOBAL  ', '20EBD0016E', 'PROFESOR ASOCIADO B INV ', 0, NULL),
('VECJ930730HOCLRV01', 'JAVIER VELAZQUEZ CARRERA ', '20EBD0006Y', 'PROFESOR ASOCIADO B INV ', 0, NULL),
('VEGP780207HOCLRD04', 'PEDRO VELASCO GARCIA', '20EBD0007X', 'PROFESOR ASOCIADO DIRECTOR', 0, NULL),
('VEJN860929MOCNRR03', 'NORA ANGELA VENEGAS JUAREZ ', '20EBD0008W', 'PROFESOR ASOCIADO B 5C PROM', 0, 'DESARROLLO COMUNITARIO'),
('VELL860530MOCLST06', 'LETICIA VELASCO LUIS ', '20EBD0034U', 'PROFESOR ASOCIADO B 5C INV', 0, NULL),
('VEOS861030HOCLJR01', 'SERGIO VELASQUEZ OJEDA ', '20EBD0013H', 'PROFESOR ASOCIADO B INV ', 0, NULL),
('VIAA900408MOCDRD07', 'AIDE VIDAL ARELLANO ', '20EBD0028J', 'SECRETARIA(O)  DE PLANTEL 5NT', 0, NULL),
('VICH860729HOCCRM02', 'HUMBERTO VICENTE DE LA CRUZ', '20EBD0048X', 'PROFESOR ASOCIADO DIRECTOR', 0, NULL),
('VIGD830509HOCLTV06', 'DEIVIS VILLA GUTIERREZ                       ', '20EBD0038Q', 'PROFESOR ASOCIADO B 5C INV', 0, NULL),
('VIPB811228HOCCDR07', 'BARTOLO VICENTE PEDRO                             ', '20EBD0043B', 'PROFESOR ASOCIADO B 5C INV', 0, NULL),
('VIPY840311MOCLRN02', 'YANELY VILLEGAS PEREZ ', '20EBD0029I', 'PROFESOR ASOCIADO B 5C PROM', 0, 'DESARROLLO COMUNITARIO'),
('VISA890613HOCLNN03', 'ANTONIO VILLALOBOS SANCHEZ ', '20EBD0043B', 'PROFESOR ASOCIADO B INV ', 0, NULL),
('VITJ771201HOCCRS09', 'JESUS VICENTE TORRES                         ', '20EBD0015F', 'PROFESOR ASOCIADO B 5C INV', 0, NULL),
('YASG820131MPLXND03', 'GUADALUPE YA?EZ SANCHEZ ', '20EBD0021Q', 'PROFESOR ASOCIADO B 3B INV', 0, NULL),
('YEAE861028MOCSRL05', 'ELVIA YESCAS ARREOLA ', '20EBD0009V', 'PROFESOR ASOCIADO B 3B INV', 0, NULL),
('YEPJ771104HOCSRN04', 'JUAN EDGAR YESCAS PEREZ ', '20EBD0005Z', 'INTENDENTE DE PLANTEL 5NT', 0, NULL),
('ZAIS861216MOCRNN07', 'SANDRA LUZ ZARATE INCLAN ', '20EBD0038Q', 'PROFESOR ASOCIADO B PROM', 0, 'DESARROLLO COMUNITARIO'),
('ZALB661105HOCRPR00', 'BARNEY ZARATE LOPEZ ', '20EBD0004Z', 'INTENDENTE DE PLANTEL 5NT', 0, NULL),
('ZARS780523MOCRBN09', 'SANDRA ZARATE ROBLES                            ', '20EBD0008W', 'PROFESOR ASOCIADO B 5C INV', 0, NULL),
('ZAVE870831HOCRSR07', 'ERIC ZARATE VASQUEZ ', '20EBD0004Z', 'SECRETARIA(O)  DE PLANTEL 5NT', 0, NULL),
('ZEHJ800516HOCPZN00', 'JUAN ZEPEDA DE LA HOZ                        ', '20EBD0023O', 'INTENDENTE DE PLANTEL 5NT', 0, NULL);

-- --------------------------------------------------------

--
-- Estructura de tabla para la tabla `ficha_registro`
--

CREATE TABLE `ficha_registro` (
  `id_registro` int(11) NOT NULL,
  `curp` varchar(100) NOT NULL,
  `nombre` varchar(100) NOT NULL,
  `telefono` varchar(100) NOT NULL,
  `email` varchar(100) NOT NULL,
  `bic` varchar(100) NOT NULL,
  `idioma` varchar(100) NOT NULL,
  `automovil` varchar(5) NOT NULL COMMENT 'SI o NO',
  `password` varchar(100) NOT NULL,
  `opcion1` varchar(100) DEFAULT NULL,
  `opcion2` varchar(100) DEFAULT NULL,
  `opcion3` varchar(100) DEFAULT NULL,
  `opcion4` varchar(100) DEFAULT NULL,
  `opcion5` varchar(100) DEFAULT NULL,
  `opcion6` varchar(100) DEFAULT NULL,
  `comentario` text NOT NULL
) ENGINE=InnoDB DEFAULT CHARSET=latin1 COMMENT='Tabla que almacena la ficha de registro de los asesores, con';

--
-- Volcado de datos para la tabla `ficha_registro`
--

INSERT INTO `ficha_registro` (`id_registro`, `curp`, `nombre`, `telefono`, `email`, `bic`, `idioma`, `automovil`, `password`, `opcion1`, `opcion2`, `opcion3`, `opcion4`, `opcion5`, `opcion6`, `comentario`) VALUES
(1, 'PAVJ810723HOCXLN00', 'JUAN PAXTIAN VELASCO', '9511234569', 'correo@gmail.com', '20EBD0046Z', 'Zapoteco', 'no', '12345', 'Reforma Educativa', 'Modelo Educativo Modular', 'Actualización de tu área', 'Diseño de estrategias didáctivas', 'Evaluar aprendizaje', 'Desarrollar competencias docentes', 'Quiero que el curso sea entretenido');

-- --------------------------------------------------------

--
-- Estructura de tabla para la tabla `registro_taller`
--

CREATE TABLE `registro_taller` (
  `id_regtaller` int(11) NOT NULL,
  `curp` varchar(100) NOT NULL,
  `id_taller` int(11) NOT NULL
) ENGINE=InnoDB DEFAULT CHARSET=latin1 COMMENT='Almacena la curp del empleado que ingresa al curso y el tall';

-- --------------------------------------------------------

--
-- Estructura de tabla para la tabla `talleres`
--

CREATE TABLE `talleres` (
  `id_taller` int(11) NOT NULL,
  `nombre_taller` varchar(500) DEFAULT NULL,
  `grupo` varchar(15) DEFAULT NULL,
  `cupo` int(11) DEFAULT '30',
  `descripcion_taller` varchar(500) DEFAULT NULL,
  `clave_taller` int(11) DEFAULT NULL
) ENGINE=InnoDB DEFAULT CHARSET=latin1 COMMENT='Tabla que contiene todos los talleres que se imparten en el ';

--
-- Volcado de datos para la tabla `talleres`
--

INSERT INTO `talleres` (`id_taller`, `nombre_taller`, `grupo`, `cupo`, `descripcion_taller`, `clave_taller`) VALUES
(12, 'Divertiquimica , la experimentación en las ciencias naturales como proceso de investigación y busqueda de soluciones', 'A', 29, '1_divertiquimica_descripcion.docx', 12),
(13, 'Metodologías activas para el aprendizaje de las ciencias', 'A', 29, '2_motodologias_activa.docx', 1),
(14, 'Teatro herramientas didácticas: Experiencias escénicas colectivas y colaborativas para la enseñanza-aprendizaje', 'A', 30, '3_teatro_didactico.docx', 2),
(15, 'Arte y participación en los procesos educativos ', 'A', 30, '4_arte_participacion.docx', 3),
(16, 'Máscaras, Reflejos de Identidad', 'A', 23, '5_mascaras.docx', 4),
(17, '¿Dónde está la Creatividad? Su relación con la criticidad y la ética', 'A', 30, '6_donde_creatividad.docx', 5),
(18, 'Desarrollo de habilidades socioemocionales', 'A', 30, '7_desarrollo.docx', 6),
(19, 'Formación intercultural docente', 'B', 29, '8_formacion.docx', 13),
(20, 'REPROBACIÓN Y OTRAS INCOHERENCIAS. Evaluación del aprendizaje & calificación del conocimiento', 'A', 30, '9_reprobacion.docx', 7),
(21, 'Pensamiento de diseño (Design thinking) creando proyectos innovadores', 'A', 30, '10_prensamiento_disenio.docx', 8),
(22, 'Sistema modular e interculturalidad: Una propuesta alternativa en la educación', 'B', 30, '11_sistema_modular.docx', 14),
(23, 'El documental: Una herramienta para el cambio social', 'A', 30, '12_eldocumental.docx', 9),
(24, 'Riesgos ambientales: Identificación y prevención ', 'A', 30, '13_riesgos_ambientales.docx', 10),
(25, 'Delito cibernético: ¿Cómo prevenir, atender y brindar apoyo en acoso cibernético?', 'A', 45, NULL, 11),
(26, 'Desarrollo de habilidades socioemocionales', 'B', 30, '7_desarrollo.docx', 6),
(27, 'Metodologías activas para el aprendizaje de las ciencias', 'B', 29, '2_motodologias_activa.docx', 1),
(28, 'Teatro herramientas didácticas: Experiencias escénicas colectivas y colaborativas para la enseñanza-aprendizaje', 'B', 30, '3_teatro_didactico.docx', 2),
(29, 'Arte y participación en los procesos educativos ', 'B', 30, '4_arte_participacion.docx', 3),
(30, 'Máscaras, Reflejos de Identidad', 'B', 23, '5_mascaras.docx', 4),
(31, '¿Dónde está la Creatividad? Su relación con la criticidad y la ética', 'B', 30, '6_donde_creatividad.docx', 5),
(32, 'REPROBACIÓN Y OTRAS INCOHERENCIAS. Evaluación del aprendizaje & calificación del conocimiento', 'B', 30, '9_reprobacion.docx', 7),
(33, 'Pensamiento de diseño (Design thinking) creando proyectos innovadores', 'B', 30, '10_prensamiento_disenio.docx', 8),
(34, 'El documental: Una herramienta para el cambio social', 'B', 30, '12_eldocumental.docx', 9),
(35, 'Riesgos ambientales: Identificación y prevención ', 'B', 30, '13_riesgos_ambientales.docx', 10),
(36, 'Delito cibernético: ¿Cómo prevenir, atender y brindar apoyo en acoso cibernético?', 'B', 45, NULL, 11);

-- --------------------------------------------------------

--
-- Estructura de tabla para la tabla `usuarios`
--

CREATE TABLE `usuarios` (
  `id_usuario` int(11) NOT NULL,
  `username` varchar(100) NOT NULL,
  `password` varchar(100) NOT NULL,
  `nombre` varchar(100) NOT NULL,
  `nivel` int(11) NOT NULL COMMENT '3 = Administracion total 2 = Administracion de elementos de curso, taller e infromacion'
) ENGINE=InnoDB DEFAULT CHARSET=latin1 COMMENT='Tabla que contiene los usuarios administrativos';

--
-- Volcado de datos para la tabla `usuarios`
--

INSERT INTO `usuarios` (`id_usuario`, `username`, `password`, `nombre`, `nivel`) VALUES
(1, 'sysadmincseiio1', 'fadeca2512', 'JOSUE ALEJANDRO RUIZ CHIMAL', 3),
(2, 'ciidiruser1', 'ciidir201750', 'HÉCTOR AGUILAR HERRERA', 2),
(3, 'ciidiruser2', 'ciidir201751', 'MAGALI MARTÍNEZ CORTÉS', 2),
(4, 'ciidiruser3', 'ciidir201752', 'OLGA PATRICIA HERRERA ARENAS', 2),
(5, 'sysadmincseiio2', 'fadeca2512', 'ROMEO CANSINO LOPEZ', 3),
(6, 'sysadmincseiio3', 'fadeca2512', 'ANGEL HERNANDEZ CRUZ', 3),
(7, 'sysadmincseiio4', 'fadeca2512', 'JOSE LOPEZ VELASCO', 3);

--
-- Índices para tablas volcadas
--

--
-- Indices de la tabla `bic`
--
ALTER TABLE `bic`
  ADD PRIMARY KEY (`clave_bic`);

--
-- Indices de la tabla `cursos`
--
ALTER TABLE `cursos`
  ADD PRIMARY KEY (`id_curso`);

--
-- Indices de la tabla `empleados`
--
ALTER TABLE `empleados`
  ADD PRIMARY KEY (`curp`),
  ADD KEY `FK_empleados_bic` (`bic`);

--
-- Indices de la tabla `ficha_registro`
--
ALTER TABLE `ficha_registro`
  ADD PRIMARY KEY (`id_registro`),
  ADD KEY `FK__empleados` (`curp`),
  ADD KEY `FK__bic` (`bic`);

--
-- Indices de la tabla `registro_taller`
--
ALTER TABLE `registro_taller`
  ADD PRIMARY KEY (`id_regtaller`),
  ADD KEY `FK_registro_taller_empleados` (`curp`),
  ADD KEY `FK_registro_taller_talleres` (`id_taller`);

--
-- Indices de la tabla `talleres`
--
ALTER TABLE `talleres`
  ADD PRIMARY KEY (`id_taller`);

--
-- Indices de la tabla `usuarios`
--
ALTER TABLE `usuarios`
  ADD PRIMARY KEY (`id_usuario`);

--
-- AUTO_INCREMENT de las tablas volcadas
--

--
-- AUTO_INCREMENT de la tabla `ficha_registro`
--
ALTER TABLE `ficha_registro`
  MODIFY `id_registro` int(11) NOT NULL AUTO_INCREMENT, AUTO_INCREMENT=2;
--
-- AUTO_INCREMENT de la tabla `registro_taller`
--
ALTER TABLE `registro_taller`
  MODIFY `id_regtaller` int(11) NOT NULL AUTO_INCREMENT;
--
-- AUTO_INCREMENT de la tabla `talleres`
--
ALTER TABLE `talleres`
  MODIFY `id_taller` int(11) NOT NULL AUTO_INCREMENT, AUTO_INCREMENT=37;
--
-- AUTO_INCREMENT de la tabla `usuarios`
--
ALTER TABLE `usuarios`
  MODIFY `id_usuario` int(11) NOT NULL AUTO_INCREMENT, AUTO_INCREMENT=8;
--
-- Restricciones para tablas volcadas
--

--
-- Filtros para la tabla `empleados`
--
ALTER TABLE `empleados`
  ADD CONSTRAINT `FK_empleados_bic` FOREIGN KEY (`bic`) REFERENCES `bic` (`clave_bic`);

--
-- Filtros para la tabla `ficha_registro`
--
ALTER TABLE `ficha_registro`
  ADD CONSTRAINT `FK__bic` FOREIGN KEY (`bic`) REFERENCES `bic` (`clave_bic`),
  ADD CONSTRAINT `FK__empleados` FOREIGN KEY (`curp`) REFERENCES `empleados` (`curp`);

--
-- Filtros para la tabla `registro_taller`
--
ALTER TABLE `registro_taller`
  ADD CONSTRAINT `FK_registro_taller_empleados` FOREIGN KEY (`curp`) REFERENCES `empleados` (`curp`),
  ADD CONSTRAINT `FK_registro_taller_talleres` FOREIGN KEY (`id_taller`) REFERENCES `talleres` (`id_taller`);

/*!40101 SET CHARACTER_SET_CLIENT=@OLD_CHARACTER_SET_CLIENT */;
/*!40101 SET CHARACTER_SET_RESULTS=@OLD_CHARACTER_SET_RESULTS */;
/*!40101 SET COLLATION_CONNECTION=@OLD_COLLATION_CONNECTION */;
